cmpdname,mw,xlogp,polararea,hbondacc,hbonddonor,rotbonds,heavycnt,mf,canonicalsmiles,inchikey
Citric Acid,192.12,-1.7,132,7,4,5,13,C6H8O7,C(C(=O)O)C(CC(=O)O)(C(=O)O)O,KRKNYBCHXYNGOX-UHFFFAOYSA-N
Edetic Acid,292.24,-5.9,156,10,4,11,20,C10H16N2O8,C(CN(CC(=O)O)CC(=O)O)N(CC(=O)O)CC(=O)O,KCXVZYZYPLLWCC-UHFFFAOYSA-N
Trientine,146.23,-2.5,76.1,4,4,7,10,C6H18N4,C(CNCCNCCN)N,VILCJCGEZXAXTO-UHFFFAOYSA-N
Zinc diethyldithiocarbamate,361.9,,72.7,4,0,4,17,C10H20N2S4Zn,CCN(CC)C(=S)[S-].CCN(CC)C(=S)[S-].[Zn+2],RKQOSDAEEGPRER-UHFFFAOYSA-L
Edetate calcium disodium,374.27,,167,10,0,7,23,C10H12CaN2Na2O8,C(CN(CC(=O)[O-])CC(=O)[O-])N(CC(=O)[O-])CC(=O)[O-].[Na+].[Na+].[Ca+2],SHWNNYZBHZIQQV-UHFFFAOYSA-J
D-Tagatose,180.16,-2.8,110,6,5,1,12,C6H12O6,C1C(C(C(C(O1)(CO)O)O)O)O,LKDRXBCSQODPBY-OEXCPVAWSA-N
Picolinic acid,123.11,0.8,50.2,3,1,1,9,C6H5NO2,C1=CC=NC(=C1)C(=O)O,SIOXPEMLGUPBBT-UHFFFAOYSA-N
Deferiprone,139.15,0.5,40.5,3,1,0,10,C7H9NO2,CC1=C(C(=O)C=CN1C)O,TZXKOCQBRNJULO-UHFFFAOYSA-N
Deferoxamine,560.7,-2.1,206,9,6,23,39,C25H48N6O8,CC(=O)N(CCCCCNC(=O)CCC(=O)N(CCCCCNC(=O)CCC(=O)N(CCCCCN)O)O)O,UBQYURCVBFRUQT-UHFFFAOYSA-N
Penicillamine,149.21,-1.8,64.3,4,3,2,9,C5H11NO2S,CC(C)(C(C(=O)O)N)S,VVNCNSJFMMFHPL-VKHMYHEASA-N
Dimercaprol,124.23,0.2,22.2,3,3,2,6,C3H8OS2,C(C(CS)S)O,WQABCVAJNWAXTE-UHFFFAOYSA-N
Calcium Acetate,158.17,,80.3,4,0,0,9,C4H6CaO4,CC(=O)[O-].CC(=O)[O-].[Ca+2],VSGNNIFQASZAOI-UHFFFAOYSA-L
Succimer,182.2,0.1,76.6,6,4,3,10,C4H6O4S2,C(C(C(=O)O)S)(C(=O)O)S,ACTRVOBWPAIOHC-XIXRPRMCSA-N
Sodium Thiosulfate,158.11,,104,4,0,0,7,Na2O3S2,[O-]S(=O)(=S)[O-].[Na+].[Na+],AKHNMLFCWUSKQB-UHFFFAOYSA-L
Sodium diethyldithiocarbamate,171.3,,36.3,2,0,2,9,C5H10NNaS2,CCN(CC)C(=S)[S-].[Na+],IOEJYZSZYUROLN-UHFFFAOYSA-M
Chitosan,1526.5,-21.4,808,47,29,27,104,C56H103N9O39,COC(=O)NC1C(C(C(OC1OC2C(OC(C(C2O)N)OC3C(OC(C(C3O)N)O)CO)CO)CO)OC4C(C(C(C(O4)CO)OC5C(C(C(C(O5)CO)OC6C(C(C(C(O6)CO)OC7C(C(C(C(O7)CO)OC8C(C(C(C(O8)CO)OC9C(C(C(C(O9)CO)O)O)N)O)N)O)N)O)N)O)N)O)N)O,FLASNYPZGWUPSU-SICDJOISSA-N
EDTA disodium salt,336.21,,161,10,2,9,22,C10H14N2Na2O8,C(CN(CC(=O)O)CC(=O)[O-])N(CC(=O)O)CC(=O)[O-].[Na+].[Na+],ZGTMUACCHSMWAC-UHFFFAOYSA-L
Deferasirox,373.4,3.8,109,6,3,4,28,C21H15N3O4,C1=CC=C(C(=C1)C2=NN(C(=N2)C3=CC=CC=C3O)C4=CC=C(C=C4)C(=O)O)O,BOFQWVMAQOTZIW-UHFFFAOYSA-N
"2,3-Dihydroxybenzoic acid",154.12,1.2,77.8,4,3,1,11,C7H6O4,C1=CC(=C(C(=C1)O)O)C(=O)O,GLDQAMYCGOIJDV-UHFFFAOYSA-N
"2,2'-Bipyridine",156.18,1.7,25.8,2,0,1,12,C10H8N2,C1=CC=NC(=C1)C2=CC=CC=N2,ROFVEXUMMXZLPA-UHFFFAOYSA-N
Nitrilotriacetic acid,191.14,-3.2,115,7,3,6,13,C6H9NO6,C(C(=O)O)N(CC(=O)O)CC(=O)O,MGFYIUFZLHCRTH-UHFFFAOYSA-N
Deferoxamine mesylate,656.8,,269,12,7,23,44,C26H52N6O11S,CC(=O)N(CCCCCNC(=O)CCC(=O)N(CCCCCNC(=O)CCC(=O)N(CCCCCN)O)O)O.CS(=O)(=O)O,IDDIJAWJANBQLJ-UHFFFAOYSA-N
Pentetic Acid,393.35,-8.5,196,13,5,16,27,C14H23N3O10,C(CN(CC(=O)O)CC(=O)O)N(CCN(CC(=O)O)CC(=O)O)CC(=O)O,QPCDCPDFJACHGM-UHFFFAOYSA-N
Citrate,189.1,0.2,141,7,1,2,13,C6H5O7-3,C(C(=O)[O-])C(CC(=O)[O-])(C(=O)[O-])O,KRKNYBCHXYNGOX-UHFFFAOYSA-K
"1,10-Phenanthroline",180.2,1.8,25.8,2,0,0,14,C12H8N2,C1=CC2=C(C3=C(C=CC=N3)C=C2)N=C1,DGEZNRSVGBDHLK-UHFFFAOYSA-N
Hinokitiol,164.2,2.1,37.3,2,1,1,12,C10H12O2,CC(C)C1=CC(=O)C(=CC=C1)O,FUWUEFKEXZQKKA-UHFFFAOYSA-N
Iminodiacetic acid,133.1,-3.3,86.6,5,3,4,9,C4H7NO4,C(C(=O)O)NCC(=O)O,NBZBKCUXIYYUSX-UHFFFAOYSA-N
"2,6-Pyridinedicarboxylic acid",167.12,0.6,87.5,5,2,2,12,C7H5NO4,C1=CC(=NC(=C1)C(=O)O)C(=O)O,WJJMNDUMQPNECX-UHFFFAOYSA-N
Egtazic acid,380.35,-6.2,174,12,4,17,26,C14H24N2O10,C(COCCOCCN(CC(=O)O)CC(=O)O)N(CC(=O)O)CC(=O)O,DEFVIWRASFVYLL-UHFFFAOYSA-N
Trientine Hydrochloride,219.15,,76.1,4,6,7,12,C6H20Cl2N4,C(CNCCNCCN)N.Cl.Cl,WYHIICXRPHEJKI-UHFFFAOYSA-N
Dimercaptosuccinic acid,182.2,0.1,76.6,6,4,3,10,C4H6O4S2,C(C(C(=O)O)S)(C(=O)O)S,ACTRVOBWPAIOHC-UHFFFAOYSA-N
Unithiol,210.3,,67.6,5,2,3,10,C3H7NaO3S3,C(C(CS(=O)(=O)[O-])S)S.[Na+],FGGPAWQCCGEWTJ-UHFFFAOYSA-M
"6-Amino-2-[[2-[[2-[[2-[[2-[[2-[[2-[[2-[[2-[[2-[[2-[[2-[[2-[[2-[[2-[(2-amino-1-hydroxy-3-phenylpropylidene)amino]-1,5-dihydroxy-5-iminopentylidene]amino]-1-hydroxy-3-phosphonooxypropylidene]amino]-4-carboxy-1-hydroxybutylidene]amino]-4-carboxy-1-hydroxybutylidene]amino]-1,5-dihydroxy-5-iminopentylidene]amino]-1,5-dihydroxy-5-iminopentylidene]amino]-1,5-dihydroxy-5-iminopentylidene]amino]-1,3-dihydroxybutylidene]amino]-4-carboxy-1-hydroxybutylidene]amino]-3-carboxy-1-hydroxypropylidene]amino]-4-carboxy-1-hydroxybutylidene]amino]-1-hydroxy-4-methylpentylidene]amino]-1,5-dihydroxy-5-iminopentylidene]amino]-3-carboxy-1-hydroxypropylidene]amino]hexanoic acid",2062,-7.1,1110,61,37,74,143,C81H125N22O39P,CC(C)CC(C(=NC(CCC(=N)O)C(=NC(CC(=O)O)C(=NC(CCCCN)C(=O)O)O)O)O)N=C(C(CCC(=O)O)N=C(C(CC(=O)O)N=C(C(CCC(=O)O)N=C(C(C(C)O)N=C(C(CCC(=N)O)N=C(C(CCC(=N)O)N=C(C(CCC(=N)O)N=C(C(CCC(=O)O)N=C(C(CCC(=O)O)N=C(C(COP(=O)(O)O)N=C(C(CCC(=N)O)N=C(C(CC1=CC=CC=C1)N)O)O)O)O)O)O)O)O)O)O)O)O,BECPQYXYKAMYBN-UHFFFAOYSA-N
Trisodium nitrilotriacetate,257.079,,124,7,0,3,16,C6H6NNa3O6,C(C(=O)[O-])N(CC(=O)[O-])CC(=O)[O-].[Na+].[Na+].[Na+],DZCAZXAJPZCSCU-UHFFFAOYSA-K
Edetate calcium disodium monohydrate,392.28,,168,11,1,7,24,C10H14CaN2Na2O9,C(CN(CC(=O)[O-])CC(=O)[O-])N(CC(=O)[O-])CC(=O)[O-].O.[Na+].[Na+].[Ca+2],JHECKPXUCKQCSH-UHFFFAOYSA-J
Neocuproine,208.26,3.3,25.8,2,0,0,16,C14H12N2,CC1=NC2=C(C=C1)C=CC3=C2N=C(C=C3)C,IYRGXJIJGHOCFS-UHFFFAOYSA-N
Verbascoside,624.6,-0.5,245,15,9,11,44,C29H36O15,CC1C(C(C(C(O1)OC2C(C(OC(C2OC(=O)C=CC3=CC(=C(C=C3)O)O)CO)OCCC4=CC(=C(C=C4)O)O)O)O)O)O,FBSKJMQYURKNSU-ZLSOWSIRSA-N
Sodium thiosulfate pentahydrate,248.19,,109,9,5,0,12,H10Na2O8S2,O.O.O.O.O.[O-]S(=O)(=S)[O-].[Na+].[Na+],PODWXQQNRWNDGD-UHFFFAOYSA-L
"N,N'-Bis(salicylidene)ethylenediamine",268.31,2.1,65.2,4,2,5,20,C16H16N2O2,C1=CC=C(C(=C1)C=NCCN=CC2=CC=CC=C2O)O,VEUMANXWQDHAJV-UHFFFAOYSA-N
Sodium diethyldithiocarbamate trihydrate,225.3,,39.3,5,3,2,12,C5H16NNaO3S2,CCN(CC)C(=S)[S-].O.O.O.[Na+],WWGXHTXOZKVJDN-UHFFFAOYSA-M
"Glycine, N,N'-1,2-cyclohexanediylbis[N-(carboxymethyl)-",346.33,-4.5,156,10,4,10,24,C14H22N2O8,C1CCC(C(C1)N(CC(=O)O)CC(=O)O)N(CC(=O)O)CC(=O)O,FCKYPQBAHLOOJQ-UHFFFAOYSA-N
N-(2-Hydroxyethyl)ethylenediaminetriacetic acid,278.26,-6.2,139,9,4,11,19,C10H18N2O7,C(CN(CC(=O)O)CC(=O)O)N(CCO)CC(=O)O,URDCARMUOSMFFI-UHFFFAOYSA-N
Diethyldithiocarbamic acid,149.3,1.6,36.3,2,1,2,8,C5H11NS2,CCN(CC)C(=S)S,LMBWSYZSUOEYSN-UHFFFAOYSA-N
2-(Chloromethyl)oxirane; prop-2-en-1-amine,149.62,,38.6,2,1,2,9,C6H12ClNO,C=CCN.C1C(O1)CCl,ZNSIZMQNQCNRBW-UHFFFAOYSA-N
"2-Nitrobicyclo[2.2.1]hept-5-ene-2,3-dicarboxylic acid",227.17,0,120,6,2,2,16,C9H9NO6,C1C2C=CC1C(C2C(=O)O)(C(=O)O)[N+](=O)[O-],QJZYHAIUNVAGQP-UHFFFAOYSA-N
Ferrozine,514.4,,183,10,0,3,34,C20H12N4Na2O6S2,C1=CC=NC(=C1)C2=NC(=C(N=N2)C3=CC=C(C=C3)S(=O)(=O)[O-])C4=CC=C(C=C4)S(=O)(=O)[O-].[Na+].[Na+],DDIHLFCSEHAOJZ-UHFFFAOYSA-L
Sodium feredetate,367.05,,167,10,0,7,22,C10H12FeN2NaO8,C(CN(CC(=O)[O-])CC(=O)[O-])N(CC(=O)[O-])CC(=O)[O-].[Na+].[Fe+3],MKWYFZFMAMBPQK-UHFFFAOYSA-J
Pentetate Zinc Trisodium,522.7,,210,13,0,11,31,C14H18N3Na3O10Zn,C(CN(CC(=O)[O-])CC(=O)[O-])N(CCN(CC(=O)[O-])CC(=O)[O-])CC(=O)[O-].[Na+].[Na+].[Na+].[Zn+2],HVASDHJNLYRZEA-UHFFFAOYSA-I
Sodium calcium edetate,376.28,,169,8,2,0,23,C10H14CaN2Na2O8+2,C(C[NH+](CC(=O)[O-])CC(=O)[O-])[NH+](CC(=O)[O-])CC(=O)[O-].[Na+].[Na+].[Ca+2],SHWNNYZBHZIQQV-UHFFFAOYSA-L
Disodium EDTA,315.23,,156,10,4,11,21,C10H16N2NaO8+,C(CN(CC(=O)O)CC(=O)O)N(CC(=O)O)CC(=O)O.[Na+],HLWRUJAIJJEZDL-UHFFFAOYSA-N
2-Thenoyltrifluoroacetone,222.19,2.2,62.4,6,0,3,14,C8H5F3O2S,C1=CSC(=C1)C(=O)CC(=O)C(F)(F)F,TXBBUSUXYMIVOS-UHFFFAOYSA-N
Citric Acid Monohydrate,210.14,,133,8,5,5,14,C6H10O8,C(C(=O)O)C(CC(=O)O)(C(=O)O)O.O,YASYEJJMZJALEJ-UHFFFAOYSA-N
Dithizone,256.329,4.2,80.9,3,2,3,18,C13H12N4S,C1=CC=C(C=C1)NNC(=S)N=NC2=CC=CC=C2,UOFGSWVZMUXXIY-UHFFFAOYSA-N
Cuprizone,278.35,1.6,82.9,4,2,2,20,C14H22N4O2,C1CCC(=NNC(=O)C(=O)NN=C2CCCCC2)CC1,DSRJIHMZAQEUJV-UHFFFAOYSA-N
Benfotiamine,466.4,0.5,181,10,3,10,31,C19H23N4O6PS,CC1=NC=C(C(=N1)N)CN(C=O)C(=C(CCOP(=O)(O)O)SC(=O)C2=CC=CC=C2)C,BTNNPSLJPBRMLZ-LGMDPLHJSA-N
Eddha,360.4,-2.2,139,8,6,9,26,C18H20N2O6,C1=CC=C(C(=C1)C(C(=O)O)NCCNC(C2=CC=CC=C2O)C(=O)O)O,PZZHMLOHNYWKIK-UHFFFAOYSA-N
"(3S,4S,5R)-1,3,4,5,6-pentahydroxyhexan-2-one",180.16,-3.2,118,6,5,5,12,C6H12O6,C(C(C(C(C(=O)CO)O)O)O)O,BJHIKXHVCXFQLS-PQLUHFTBSA-N
Tetrathiomolybdate,226.2,,66.2,4,2,0,5,H2MoS4-2,[SH-].[SH-].S=[Mo]=S,VVRHUOPINLMZBL-UHFFFAOYSA-L
Pentetate Calcium Trisodium,497.35,,210,13,0,11,31,C14H18CaN3Na3O10,C(CN(CC(=O)[O-])CC(=O)[O-])N(CCN(CC(=O)[O-])CC(=O)[O-])CC(=O)[O-].[Na+].[Na+].[Na+].[Ca+2],AYFCVLSUPGCQKD-UHFFFAOYSA-I
"1,8-Bis((2R,3R)-3,5,7-trihydroxy-2H-1-benzopyran-2-yl)-3,4,6-trihydroxy-5H-benzocyclohepten-5-one",564.5,2.4,218,12,9,2,41,C29H24O12,C1C(C(OC2=CC(=CC(=C21)O)O)C3=CC4=C(C(=C(C=C4C5C(CC6=C(C=C(C=C6O5)O)O)O)O)O)C(=O)C(=C3)O)O,IPMYMEWFZKHGAX-ZKSIBHASSA-N
Sodium ferric EDTA,370.07,,159,10,3,2,22,C10H15FeN2NaO8,C(CN(CC(=O)O)CC(=O)[O-])N(CC(=O)O)CC(=O)O.[Na+].[Fe],KWDVOSKBHNYJOX-UHFFFAOYSA-M
Sodium Iron EDTA,369.06,,161,10,2,0,22,C10H14FeN2NaO8+4,C(CN(CC(=O)O)CC(=O)[O-])N(CC(=O)O)CC(=O)[O-].[Na+].[Fe+5],UWSAIOMORQUEHN-UHFFFAOYSA-L
DL-Penicillamine,149.21,-1.8,64.3,4,3,2,9,C5H11NO2S,CC(C)(C(C(=O)O)N)S,VVNCNSJFMMFHPL-UHFFFAOYSA-N
Enterobactin,669.5,2.3,288,15,9,6,48,C30H27N3O15,C1C(C(=O)OCC(C(=O)OCC(C(=O)O1)NC(=O)C2=C(C(=CC=C2)O)O)NC(=O)C3=C(C(=CC=C3)O)O)NC(=O)C4=C(C(=CC=C4)O)O,SERBHKJMVBATSJ-BZSNNMDCSA-N
Tetraxetan,404.42,-10.6,162,12,4,8,28,C16H28N4O8,C1CN(CCN(CCN(CCN1CC(=O)O)CC(=O)O)CC(=O)O)CC(=O)O,WDLRUFUQRNWCPK-UHFFFAOYSA-N
"1,10-Phenanthroline monohydrate",198.22,,26.8,3,1,0,15,C12H10N2O,C1=CC2=C(C3=C(C=CC=N3)C=C2)N=C1.O,PPQJCISYYXZCAE-UHFFFAOYSA-N
Alanosine,149.11,-3.8,125,6,3,3,10,C3H7N3O4,C(C(C(=O)O)N)[N+](=NO)[O-],ZGNLFUXWZJGETL-YUSKDDKASA-N
Edtmp,436.12,-11.2,237,14,8,11,24,C6H20N2O12P4,C(CN(CP(=O)(O)O)CP(=O)(O)O)N(CP(=O)(O)O)CP(=O)(O)O,NFDRPXJGHKJRLJ-UHFFFAOYSA-N
"Ethylenediamine-N,N'-diacetic acid",176.17,-6,98.7,6,4,7,12,C6H12N2O4,C(CNCC(=O)O)NCC(=O)O,IFQUWYZCAGRUJN-UHFFFAOYSA-N
EDTA disodium salt,372.24,,163,12,4,9,24,C10H18N2Na2O10,C(CN(CC(=O)O)CC(=O)[O-])N(CC(=O)O)CC(=O)[O-].O.O.[Na+].[Na+],OVBJJZOQPCKUOR-UHFFFAOYSA-L
Iron(III)-edta,344.06,,167,10,0,7,21,C10H12FeN2O8-,C(CN(CC(=O)[O-])CC(=O)[O-])N(CC(=O)[O-])CC(=O)[O-].[Fe+3],UOMQUZPKALKDCA-UHFFFAOYSA-J
Edetate dipotassium,368.42,,161,10,2,9,22,C10H14K2N2O8,C(CN(CC(=O)O)CC(=O)[O-])N(CC(=O)O)CC(=O)[O-].[K+].[K+],QLBHNVFOQLIYTH-UHFFFAOYSA-L
Sytron,367.05,,167,10,0,0,22,C10H12FeN2NaO8-3,C(CN(CC(=O)[O-])CC(=O)[O-])N(CC(=O)[O-])CC(=O)[O-].[Na+].[Fe],KWDVOSKBHNYJOX-UHFFFAOYSA-J
"N,N,N',N'-Tetrakis(2-pyridylmethyl)ethylenediamine",424.5,2.1,58,6,0,11,32,C26H28N6,C1=CC=NC(=C1)CN(CCN(CC2=CC=CC=N2)CC3=CC=CC=N3)CC4=CC=CC=N4,CVRXLMUYFMERMJ-UHFFFAOYSA-N
Bapta,476.4,2.2,174,12,4,15,34,C22H24N2O10,C1=CC=C(C(=C1)N(CC(=O)O)CC(=O)O)OCCOC2=CC=CC=C2N(CC(=O)O)CC(=O)O,FTEDXVNDVHYDQW-UHFFFAOYSA-N
Carbonic acid;2-(chloromethyl)oxirane;prop-2-en-1-amine,211.64,,96.1,5,3,2,13,C7H14ClNO4,C=CCN.C1C(O1)CCl.C(=O)(O)O,PADGNZFOVSZIKZ-UHFFFAOYSA-N
RenaGel,186.08,,38.6,2,2,2,10,C6H13Cl2NO,C=CCN.C1C(O1)CCl.Cl,KHNXRSIBRKBJDI-UHFFFAOYSA-N
"N,N'-Bis(2-hydroxybenzyl)ethylenediamine-N,N'-diacetic acid",388.4,-2.8,122,8,4,11,28,C20H24N2O6,C1=CC=C(C(=C1)CN(CCN(CC2=CC=CC=C2O)CC(=O)O)CC(=O)O)O,GRUVVLWKPGIYEG-UHFFFAOYSA-N
Dicobalt Edetate,406.08,,167,10,0,7,22,C10H12Co2N2O8,C(CN(CC(=O)[O-])CC(=O)[O-])N(CC(=O)[O-])CC(=O)[O-].[Co+2].[Co+2],TWAWHTJKASJPEK-UHFFFAOYSA-J
Disodium iminodiacetate,177.07,,92.3,5,1,2,11,C4H5NNa2O4,C(C(=O)[O-])NCC(=O)[O-].[Na+].[Na+],HAXVIVNBOQIMTE-UHFFFAOYSA-L
S-Benzoylthiamine O-monophosphate,466.4,0.5,181,10,3,10,31,C19H23N4O6PS,CC1=NC=C(C(=N1)N)CN(C=O)C(=C(CCOP(=O)(O)O)SC(=O)C2=CC=CC=C2)C,BTNNPSLJPBRMLZ-UHFFFAOYSA-N
"3,6,9,12-Tetraazatetradecanedioic acid, 3,6,9,12-tetrakis(carboxymethyl)-",494.5,-11.2,237,16,6,21,34,C18H30N4O12,C(CN(CCN(CC(=O)O)CC(=O)O)CC(=O)O)N(CCN(CC(=O)O)CC(=O)O)CC(=O)O,RAEOEMDZDMCHJA-UHFFFAOYSA-N
"1,2-Diethyl-3-hydroxypyridin-4-one",167.2,1.3,40.5,3,1,2,12,C9H13NO2,CCC1=C(C(=O)C=CN1CC)O,XIYFEESCIBNMIC-UHFFFAOYSA-N
Deferoxamine hydrochloride,597.1,,206,9,7,23,40,C25H49ClN6O8,CC(=O)N(CCCCCNC(=O)CCC(=O)N(CCCCCNC(=O)CCC(=O)N(CCCCCN)O)O)O.Cl,KCRQZLMAZHZDCL-UHFFFAOYSA-N
Magnesium Disodium EDTA,358.5,,167,10,0,7,23,C10H12MgN2Na2O8,C(CN(CC(=O)[O-])CC(=O)[O-])N(CC(=O)[O-])CC(=O)[O-].[Na+].[Na+].[Mg+2],AWNVVAMWLMUZOZ-UHFFFAOYSA-J
Bis(choline)tetrathiomolybdate,434.6,,107,6,4,4,19,C10H30MoN2O2S4,C[N+](C)(C)CCO.C[N+](C)(C)CCO.[SH-].[SH-].S=[Mo]=S,FSWNJZRQQVVVJT-UHFFFAOYSA-L
"methyl N-[5-[3-amino-5-[3-amino-5-[3-amino-5-[3-amino-5-[3-amino-5-[3-amino-4,5-dihydroxy-6-(hydroxymethyl)oxan-2-yl]oxy-4-hydroxy-6-(hydroxymethyl)oxan-2-yl]oxy-4-hydroxy-6-(hydroxymethyl)oxan-2-yl]oxy-4-hydroxy-6-(hydroxymethyl)oxan-2-yl]oxy-4-hydroxy-6-(hydroxymethyl)oxan-2-yl]oxy-4-hydroxy-6-(hydroxymethyl)oxan-2-yl]oxy-2-[5-amino-6-[5-amino-4,6-dihydroxy-2-(hydroxymethyl)oxan-3-yl]oxy-4-hydroxy-2-(hydroxymethyl)oxan-3-yl]oxy-4-hydroxy-6-(hydroxymethyl)oxan-3-yl]carbamate",1526.5,-21.4,808,47,29,27,104,C56H103N9O39,COC(=O)NC1C(C(C(OC1OC2C(OC(C(C2O)N)OC3C(OC(C(C3O)N)O)CO)CO)CO)OC4C(C(C(C(O4)CO)OC5C(C(C(C(O5)CO)OC6C(C(C(C(O6)CO)OC7C(C(C(C(O7)CO)OC8C(C(C(C(O8)CO)OC9C(C(C(C(O9)CO)O)O)N)O)N)O)N)O)N)O)N)O)N)O,FLASNYPZGWUPSU-UHFFFAOYSA-N
Ethylenediaminetetraaceticacidferricsodiumsalttrihydrate,421.09,,170,13,3,7,25,C10H18FeN2NaO11,C(CN(CC(=O)[O-])CC(=O)[O-])N(CC(=O)[O-])CC(=O)[O-].O.O.O.[Na+].[Fe+3],OZRWEJGEGJYWSF-UHFFFAOYSA-J
Zinc Picolinate,309.6,,106,6,0,0,19,C12H8N2O4Zn,C1=CC=NC(=C1)C(=O)[O-].C1=CC=NC(=C1)C(=O)[O-].[Zn+2],NHVUUBRKFZWXRN-UHFFFAOYSA-L
Emeramide,284.4,1.1,60.2,4,4,6,18,C12H16N2O2S2,C1=CC(=CC(=C1)C(=O)NCCS)C(=O)NCCS,JUTBAVRYDAKVGQ-UHFFFAOYSA-N
Benfotiamina,466.4,0.5,181,10,3,10,31,C19H23N4O6PS,CC1=NC=C(C(=N1)N)CN(C=O)C(=C(CCOP(=O)(O)O)SC(=O)C2=CC=CC=C2)C,BTNNPSLJPBRMLZ-GHRIWEEISA-N
Aerobactin,564.5,-3.1,271,13,8,19,39,C22H36N4O13,CC(=O)N(CCCCC(C(=O)O)NC(=O)CC(CC(=O)NC(CCCCN(C(=O)C)O)C(=O)O)(C(=O)O)O)O,KDHHWXGBNUCREU-HOTGVXAUSA-N
Gadoteric acid,558.6,,171,12,1,5,29,C16H25GdN4O8,C1CN(CCN(CCN(CCN1CC(=O)O)CC(=O)[O-])CC(=O)[O-])CC(=O)[O-].[Gd+3],GFSTXYOTEVLASN-UHFFFAOYSA-K
"Sodium 2,3-dimercaptopropanesulfonate monohydrate",228.3,,68.6,6,3,3,11,C3H9NaO4S3,C(C(CS(=O)(=O)[O-])S)S.O.[Na+],XMUHNMQFDVIWGU-UHFFFAOYSA-M
Pyridoxal isonicotinoyl hydrazone,286.29,-0.1,108,6,3,4,21,C14H14N4O3,CC1=NC=C(C(=C1O)C=NNC(=O)C2=CC=NC=C2)CO,BQYIXOPJPLGCRZ-REZTVBANSA-N
Ammonium tetrathiomolybdate,262.3,,68.2,4,4,0,7,H10MoN2S4,[NH4+].[NH4+].[SH-].[SH-].S=[Mo]=S,ZKKLPDLKUGTPME-UHFFFAOYSA-N
Yersiniabactin,481.7,0,190,10,4,6,31,C21H27N3O4S3,CC1(CSC(=N1)C(C)(C)C(C2CSC(N2)C3CSC(=N3)C4=CC=CC=C4O)O)C(=O)O,JHYVWAMMAMCUIR-VQNLDRKJSA-N
"2,9-Dimethyl-1,10-phenanthroline hydrochloride",244.72,,25.8,2,1,0,17,C14H13ClN2,CC1=NC2=C(C=C1)C=CC3=C2N=C(C=C3)C.Cl,QUGBNSJLQDNNPK-UHFFFAOYSA-N
Diethyldithiocarbamate,148.3,1.6,36.3,2,0,2,8,C5H10NS2-,CCN(CC)C(=S)[S-],LMBWSYZSUOEYSN-UHFFFAOYSA-M
"2,3-Dimercapto-1-propanesulfonic acid",188.3,-0.2,64.8,5,3,3,9,C3H8O3S3,C(C(CS(=O)(=O)O)S)S,JLVSRWOIZZXQAD-UHFFFAOYSA-N
"Ammonium ((N,N'-ethylenebis(N-(carboxymethyl)glycinato))(4-)-N,N',O,O',ON,ON')ferrate(1-)",362.09,,168,10,1,7,22,C10H16FeN3O8,C(CN(CC(=O)[O-])CC(=O)[O-])N(CC(=O)[O-])CC(=O)[O-].[NH4+].[Fe+3],XNSQZBOCSSMHSZ-UHFFFAOYSA-K
Calcium;2-ethenylbenzenesulfonate,223.28,,65.6,3,0,1,13,C8H7CaO3S+,C=CC1=CC=CC=C1S(=O)(=O)[O-].[Ca+2],IJBYVKWTVVYTPL-UHFFFAOYSA-M
5-((4-Prop-2-ynylpiperazin-1-yl)methyl)quinolin-8-ol,281.35,1.8,39.6,4,1,3,21,C17H19N3O,C#CCN1CCN(CC1)CC2=C3C=CC=NC3=C(C=C2)O,JWUOZHTYFQHGAB-UHFFFAOYSA-N
Ferric-EDTA,345.06,,164,10,1,8,21,C10H13FeN2O8,C(CN(CC(=O)[O-])CC(=O)[O-])N(CC(=O)O)CC(=O)[O-].[Fe+3],UOMQUZPKALKDCA-UHFFFAOYSA-K
Calcium disodium versenate,410.3,,169,12,2,7,25,C10H16CaN2Na2O10,C(CN(CC(=O)[O-])CC(=O)[O-])N(CC(=O)[O-])CC(=O)[O-].O.O.[Na+].[Na+].[Ca+2],JCQNARRMQCMKAN-UHFFFAOYSA-J
Casein hydrolysate,539.6,-7,284,16,11,6,37,C21H41N5O11,CNC1C(C2C(CC(C(O2)OC3C(CC(C(C3O)O)N)N)N)OC1OC4C(C(C(C(O4)CO)N)O)O)O,XZNUGFQTQHRASN-UHFFFAOYSA-N
alpha-Casein (90-95),783.9,-1.2,314,11,11,23,56,C38H57N9O9,CC(C)CC(C(=O)NCC(=O)NC(CC1=CC=C(C=C1)O)C(=O)NC(CC(C)C)C(=O)O)NC(=O)C(CC2=CC=C(C=C2)O)NC(=O)C(CCCN=C(N)N)N,KWLNZVXBGCEDOO-UHFFFAOYSA-N
Bapta-AM,764.7,3.4,235,20,0,31,54,C34H40N2O18,CC(=O)OCOC(=O)CN(CC(=O)OCOC(=O)C)C1=CC=CC=C1OCCOC2=CC=CC=C2N(CC(=O)OCOC(=O)C)CC(=O)OCOC(=O)C,YJIYWYAMZFVECX-UHFFFAOYSA-N
Chromax,421.3,,151,9,3,3,28,C18H15CrN3O6,C1=CC=NC(=C1)C(=O)O.C1=CC=NC(=C1)C(=O)O.C1=CC=NC(=C1)C(=O)O.[Cr],GJYSUGXFENSLOO-UHFFFAOYSA-N
Quin2-acetoxymethyl ester,829.8,3.9,248,21,0,30,59,C38H43N3O18,CC1=CC(=C(C=C1)N(CC(=O)OCOC(=O)C)CC(=O)OCOC(=O)C)OCC2=NC3=C(C=C(C=C3C=C2)OC)N(CC(=O)OCOC(=O)C)CC(=O)OCOC(=O)C,ANRZUBSJAOAXHS-UHFFFAOYSA-N
Picolinate,122.1,1.4,53,3,0,0,9,C6H4NO2-,C1=CC=NC(=C1)C(=O)[O-],SIOXPEMLGUPBBT-UHFFFAOYSA-M
Arg-tyr-leu-gly-tyr-leu,783.9,-1.2,314,11,11,23,56,C38H57N9O9,CC(C)CC(C(=O)NCC(=O)NC(CC1=CC=C(C=C1)O)C(=O)NC(CC(C)C)C(=O)O)NC(=O)C(CC2=CC=C(C=C2)O)NC(=O)C(CCCN=C(N)N)N,KWLNZVXBGCEDOO-QKUYTOGTSA-N
Ferrozine monosodium salt,492.5,,180,10,1,5,33,C20H13N4NaO6S2,C1=CC=NC(=C1)C2=NC(=C(N=N2)C3=CC=C(C=C3)S(=O)(=O)O)C4=CC=C(C=C4)S(=O)(=O)[O-].[Na+],ZGVNYCXXBQPDPQ-UHFFFAOYSA-M
Bathocuproine disulfonate,520.6,4,151,8,2,4,36,C26H20N2O6S2,CC1=CC(=C2C=CC3=C(C=C(N=C3C2=N1)C)C4=CC=C(C=C4)S(=O)(=O)O)C5=CC=C(C=C5)S(=O)(=O)O,FBKZHCDISZZXDK-UHFFFAOYSA-N
Dihydroxyethyldithiocarbamate,181.3,-0.5,76.8,4,3,4,10,C5H11NO2S2,C(CO)N(CCO)C(=S)S,PCBLZWZCGNKODY-UHFFFAOYSA-N
Desferrithiocin,260.25,,111,6,1,2,17,C10H9N2NaO3S,CC1(CSC(=N1)C2=C(C=CC=N2)O)C(=O)[O-].[Na+],UGJSEILLHZKUBG-HNCPQSOCSA-M
"(2r,4r)-2-[(4r)-2-(2-Hydroxyphenyl)-4,5-Dihydro-1,3-Thiazol-4-Yl]-3-Methyl-1,3-Thiazolidine-4-Carboxylic Acid",324.4,-0.3,124,7,2,3,21,C14H16N2O3S2,CN1C(CSC1C2CSC(=N2)C3=CC=CC=C3O)C(=O)O,NYBZAGXTZXPYND-GBIKHYSHSA-N
Vibriobactin,705.7,2.9,243,13,8,13,51,C35H39N5O11,CC1C(N=C(O1)C2=C(C(=CC=C2)O)O)C(=O)NCCCN(CCCNC(=O)C3=C(C(=CC=C3)O)O)C(=O)C4C(OC(=N4)C5=C(C(=CC=C5)O)O)C,LLMKLMMXMOTPRU-YOAXHERRSA-N
"2,3-Dihydroxybenzoate",153.11,1.8,80.6,4,2,1,11,C7H5O4-,C1=CC(=C(C(=C1)O)[O-])C(=O)O,GLDQAMYCGOIJDV-UHFFFAOYSA-M
"1,2-Bis(2-aminophenoxy)ethane N,N,N',N'-tetraacetic acid acetoxymethyl ester",548.5,2.5,189,14,3,19,39,C25H28N2O12,CC(=O)OCOC(=O)CN(CC(=O)O)C1=CC=CC=C1OCCOC2=CC=CC=C2N(CC(=O)O)CC(=O)O,ZYOUCRHWAYJCPN-UHFFFAOYSA-N
Gadoterate sodium,580.6,,174,12,0,4,30,C16H24GdN4NaO8,C1CN(CCN(CCN(CCN1CC(=O)[O-])CC(=O)[O-])CC(=O)[O-])CC(=O)[O-].[Na+].[Gd+3],VIFBVOSDYUIKIK-UHFFFAOYSA-J
5-Hydroperoxymethyl-2'-deoxyuridine,274.23,-2.4,129,7,4,4,19,C10H14N2O7,C1C(C(OC1N2C=C(C(=O)NC2=O)COO)CO)O,STXZSCOOCRDNCN-XLPZGREQSA-N
"Hydrogen (1,4,7,10-tetraazacyclododecane-1,4,7,10-tetraacetato(4-))gadolinate(1-)",557.6,,174,12,0,4,29,C16H24GdN4O8-,C1CN(CCN(CCN(CCN1CC(=O)[O-])CC(=O)[O-])CC(=O)[O-])CC(=O)[O-].[Gd+3],GFSTXYOTEVLASN-UHFFFAOYSA-J
Ferrioxamine B [M+Fe-2H],616.5,,206,9,6,5,40,C25H48FeN6O8,CC(=O)N(CCCCCNC(=O)CCC(=O)N(CCCCCNC(=O)CCC(=O)N(CCCCCN)O)O)O.[Fe],RLQJSUCFBHXPHA-UHFFFAOYSA-N
Calcium trisodium pentetate,500.38,,214,10,3,2,31,C14H21CaN3Na3O10+3,C(C[NH+](CC(=O)[O-])CC(=O)[O-])[NH+](CC[NH+](CC(=O)[O-])CC(=O)[O-])CC(=O)[O-].[Na+].[Na+].[Na+].[Ca+2],AYFCVLSUPGCQKD-UHFFFAOYSA-L
Feroxamine,613.5,,214,9,3,23,40,C25H45FeN6O8,CC(=O)N(CCCCCNC(=O)CCC(=O)N(CCCCCNC(=O)CCC(=O)N(CCCCCN)[O-])[O-])[O-].[Fe+3],SRMBQCVUAVULDJ-UHFFFAOYSA-N
Techneplex,510.2,,210,13,0,0,29,C14H18N3NaO10Tc-4,C(CN(CC(=O)[O-])CC(=O)[O-])N(CCN(CC(=O)[O-])CC(=O)[O-])CC(=O)[O-].[Na+].[Tc],UBRBVRZQCLXKSZ-FCHARDOESA-I
Disodium ((ethylenedinitrilo)tetraacetato)calciate(2-) hydrate,394.3,,170,9,3,0,24,C10H16CaN2Na2O9+2,C(C[NH+](CC(=O)[O-])CC(=O)[O-])[NH+](CC(=O)[O-])CC(=O)[O-].O.[Na+].[Na+].[Ca+2],JHECKPXUCKQCSH-UHFFFAOYSA-L
alpha-Casein exorphin (90-95),783.9,-1.2,314,11,11,23,56,C38H57N9O9,CC(C)CC(C(=O)NCC(=O)NC(CC1=CC=C(C=C1)O)C(=O)NC(CC(C)C)C(=O)O)NC(=O)C(CC2=CC=C(C=C2)O)NC(=O)C(CCCN=C(N)N)N,KWLNZVXBGCEDOO-FGHIVKBXSA-N
"beta,beta-Dimethylcysteine",151.23,,64.3,4,3,2,9,C5H13NO2S,[HH].CC(C)(C(C(=O)O)N)S,AJDBSPPPPGEPBV-UHFFFAOYSA-N
Maptam,792.7,4.2,235,20,0,31,56,C36H44N2O18,CC1=CC(=C(C=C1)N(CC(=O)OCOC(=O)C)CC(=O)OCOC(=O)C)OCCOC2=C(C=CC(=C2)C)N(CC(=O)OCOC(=O)C)CC(=O)OCOC(=O)C,HEOJVQZWOLQUDR-UHFFFAOYSA-N
Zinquin,386.4,3,114,7,2,6,27,C19H18N2O5S,CC1=CC=C(C=C1)S(=O)(=O)NC2=C3C(=CC(=C2)OCC(=O)O)C=CC(=N3)C,CGNKOBNGEFZRQU-UHFFFAOYSA-N
Pseudobactin,989,-7.9,444,19,15,23,70,C42H60N12O16,CC(C(C(=O)NC(C)C(=O)NC1CCCN(C1=O)O)NC(=O)C(C)NC(=O)C(C(C(=O)O)O)NC(=O)C(CCCCNC(=O)C2CCNC3=C(C=C4C=C(C(=O)C=C4N23)O)NC(=O)CCC(=O)N)N)O,UGBOUVVZXRMJNM-FUGGEZGHSA-N
DL-Alanosine,149.11,-3.8,125,6,3,3,10,C3H7N3O4,C(C(C(=O)O)N)[N+](=NO)[O-],ZGNLFUXWZJGETL-WAYWQWQTSA-N
"Quin 2,tetrapotassium salt",693.9,,198,13,0,10,43,C26H23K4N3O10,CC1=CC(=C(C=C1)N(CC(=O)[O-])CC(=O)[O-])OCC2=NC3=C(C=C(C=C3C=C2)OC)N(CC(=O)[O-])CC(=O)[O-].[K+].[K+].[K+].[K+],XAGUNWDMROKIFJ-UHFFFAOYSA-J
Pyoverdin,1336.4,-9.3,610,25,22,30,94,C55H85N17O22,CC(C1C(=O)NC(C(=O)NCCCCC(C(=O)NC(C(=O)N1)CCCN(C=O)O)NC(=O)C(CCCN(C=O)O)NC(=O)C(CO)NC(=O)C(CCCN=C(N)N)NC(=O)C(CO)NC(=O)C2CCNC3N2C4=CC(=C(C=C4C=C3NC(=O)CCC(=O)O)O)O)C(C)O)O,IXTLVPXCZJJUQB-VYJQSIGYSA-N
Anguibactin,348.4,0.7,147,7,4,5,24,C15H16N4O4S,C1C(N=C(S1)C2=C(C(=CC=C2)O)O)C(=O)N(CCC3=CN=CN3)O,GBKVAPJMXMGXJK-UHFFFAOYSA-N
Aluminum nitrilotriacetate,215.1,,124,7,0,3,14,C6H6AlNO6,C(C(=O)[O-])N(CC(=O)[O-])CC(=O)[O-].[Al+3],MWDVELXMWRAEHV-UHFFFAOYSA-K
"(s)-4,5-Dihydro-2-(3-hydroxy-2-pyridinyl)-4-methyl-4-thiazolecarboxylic acid",238.27,0.9,108,6,2,2,16,C10H10N2O3S,CC1(CSC(=N1)C2=C(C=CC=N2)O)C(=O)O,MJWAGSZZOQMRNY-SNVBAGLBSA-N
Phytochelatin,306.32,-3.2,167,7,4,7,20,C10H16N3O6S-,C(CC(=O)NC(CS)C(=O)NCC(=O)[O-])C(C(=O)[O-])[NH3+],RWSXRVCMGQZWBV-UHFFFAOYSA-M
Bathophenanthroline disulfonic acid,492.5,4.7,129,8,0,6,34,C24H16N2O6S2,C1=CC=C(C=C1)OS(=O)(=O)C2=C3C=CC4=C(C=CN=C4C3=NC=C2)S(=O)(=O)OC5=CC=CC=C5,STWJKLMRMTWJEY-UHFFFAOYSA-N
N-Benzylglucamine dithiocarbamate,347.5,-0.8,138,7,6,8,22,C14H21NO5S2,C1=CC=C(C=C1)CN(CC(C(C(C(CO)O)O)O)O)C(=S)S,SCJXRYDTCFHSQX-UMSGYPCISA-N
"5,6-Dihydro-1,10-phenanthroline",182.22,1.8,25.8,2,0,0,14,C12H10N2,C1CC2=C(C3=C1C=CC=N3)N=CC=C2,NDWJTDJESZWTGD-UHFFFAOYSA-N
"Pyridine-2,6-dicarboxylate",165.1,1.9,93.2,5,0,0,12,C7H3NO4-2,C1=CC(=NC(=C1)C(=O)[O-])C(=O)[O-],WJJMNDUMQPNECX-UHFFFAOYSA-L
"Cobaltate(2-), [[N,N'-1,2-ethanediylbis[N-[(carboxy-kappaO)methyl]glycinato-kappaN,kappaO]](4-)]-, (OC-6-21)-",347.14,,167,10,0,7,21,C10H12CoN2O8-2,C(CN(CC(=O)[O-])CC(=O)[O-])N(CC(=O)[O-])CC(=O)[O-].[Co+2],TWJZAIVFYJWAJC-UHFFFAOYSA-J
[(2S)-2-amino-2-carboxyethyl]-hydroxyimino-oxidoazanium,149.11,-3.8,125,6,3,3,10,C3H7N3O4,C(C(C(=O)O)N)[N+](=NO)[O-],ZGNLFUXWZJGETL-REOHCLBHSA-N
"Diethylcarbamodithioic acid, sodium salt",172.3,,36.3,2,1,2,9,C5H11NNaS2+,CCN(CC)C(=S)S.[Na+],IOEJYZSZYUROLN-UHFFFAOYSA-N
Edetate copper,353.77,,167,10,2,7,21,C10H14CuN2O8,[H+].[H+].C(CN(CC(=O)[O-])CC(=O)[O-])N(CC(=O)[O-])CC(=O)[O-].[Cu+2],BDXBEDXBWNPQNP-UHFFFAOYSA-L
Pseudoalterobactin B,1106.1,-9,605,23,20,25,76,C41H63N13O21S,C1CCNC(=O)CNC(=O)C(NC(=O)C(NC(=O)C(C1)NC(=O)C(C(C(=O)O)O)NC(=O)C(CC(=O)N)NC(=O)CC(C(CCCCNC(=O)C2=C(C(=C(C=C2)S(=O)(=O)O)O)O)N)O)CCCN=C(N)N)C(C(=O)O)O,FMENUGFMERBZKJ-UHFFFAOYSA-N
Pseudoalterobactin A,1078.1,-10.3,566,23,19,25,74,C41H63N11O21S,C1CCNC(=O)CNC(=O)C(NC(=O)C(NC(=O)C(C1)NC(=O)C(C(C(=O)O)O)NC(=O)C(CC(=O)N)NC(=O)CC(C(CCCCNC(=O)C2=C(C(=C(C=C2)S(=O)(=O)O)O)O)N)O)CCCCN)C(C(=O)O)O,ULYRNACUAOJJBY-UHFFFAOYSA-N
2-(6-(Bis(carboxymethyl)amino)-5-(2-(2-(bis(carboxymethyl)amino)-5-methylphenoxy)ethoxy)-2-benzofuranyl)-5-oxazolecarboxylic acid,641.5,2.9,251,17,5,17,46,C29H27N3O14,CC1=CC(=C(C=C1)N(CC(=O)O)CC(=O)O)OCCOC2=C(C=C3C(=C2)C=C(O3)C4=NC=C(O4)C(=O)O)N(CC(=O)O)CC(=O)O,YFHXZQPUBCBNIP-UHFFFAOYSA-N
DM-Nitrophen,473.4,-4.6,220,14,4,14,33,C18H23N3O12,COC1=C(C=C(C(=C1)C(CN(CC(=O)O)CC(=O)O)N(CC(=O)O)CC(=O)O)[N+](=O)[O-])OC,FKXGYESXGMKAKC-UHFFFAOYSA-N
Indo-1 pentaacetoxymethyl ester,1009.9,5.4,304,24,1,37,72,C47H51N3O22,CC1=CC(=C(C=C1)N(CC(=O)OCOC(=O)C)CC(=O)OCOC(=O)C)OCCOC2=C(C=CC(=C2)C3=CC4=C(N3)C=C(C=C4)C(=O)OCOC(=O)C)N(CC(=O)OCOC(=O)C)CC(=O)OCOC(=O)C,CAWBRCOBJNWRLK-UHFFFAOYSA-N
2-(4-(Bis(carboxymethyl)amino)-3-(2-(2-(bis(carboxymethyl)amino)-5-methylphenoxy)ethoxy)phenyl)-1H-indole-6-carboxylic acid,649.6,3.9,227,14,6,17,47,C32H31N3O12,CC1=CC(=C(C=C1)N(CC(=O)O)CC(=O)O)OCCOC2=C(C=CC(=C2)C3=CC4=C(N3)C=C(C=C4)C(=O)O)N(CC(=O)O)CC(=O)O,AMHAQOBUZCQMHN-UHFFFAOYSA-N
Ferric picolinate,422.1,,159,9,0,0,28,C18H12FeN3O6,C1=CC=NC(=C1)C(=O)[O-].C1=CC=NC(=C1)C(=O)[O-].C1=CC=NC(=C1)C(=O)[O-].[Fe+3],XYLIUBFEJNAWSC-UHFFFAOYSA-K
Mycobactin,591.6,0.2,207,11,5,15,42,C27H37N5O10,C1CCN(C(=O)C(C1)NC(=O)CCOC(=O)C(CCCCCN(C=O)O)NC(=O)C2COC(=N2)C3=CC=CC=C3O)O,HQYXQBFMMYIDEA-UHFFFAOYSA-N
"5,5'-Dimethyl-bapta",504.5,2.9,174,12,4,15,36,C24H28N2O10,CC1=CC(=C(C=C1)N(CC(=O)O)CC(=O)O)OCCOC2=C(C=CC(=C2)C)N(CC(=O)O)CC(=O)O,BOMWLYNXTGNSSE-UHFFFAOYSA-N
Nbg-dtc,370.4,,138,7,6,8,23,C14H21NNaO5S2+,C1=CC=C(C=C1)CN(CC(C(C(C(CO)O)O)O)O)C(=S)S.[Na+],BKOVQKBWCURYNR-VXERAZRLSA-N
"2,2',2'',2'''-(trans-Cyclohexane-1,2-diylbis(azanetriyl))tetraacetic acid hydrate",364.35,,157,11,5,10,25,C14H24N2O9,C1CCC(C(C1)N(CC(=O)O)CC(=O)O)N(CC(=O)O)CC(=O)O.O,VASZYFIKPKYGNC-UHFFFAOYSA-N
Ferric vibriobactin,705.7,2.9,243,13,8,13,51,C35H39N5O11,CC1C(N=C(O1)C2=C(C(=CC=C2)O)O)C(=O)NCCCN(CCCNC(=O)C3=C(C(=CC=C3)O)O)C(=O)C4C(OC(=N4)C5=C(C(=CC=C5)O)O)C,LLMKLMMXMOTPRU-QCOILQKOSA-N
"(4R)-2-(2,3-dihydroxyphenyl)-N-hydroxy-N-[2-(1H-imidazol-5-yl)ethyl]-4,5-dihydro-1,3-thiazole-4-carboxamide",348.4,0.7,147,7,4,5,24,C15H16N4O4S,C1C(N=C(S1)C2=C(C(=CC=C2)O)O)C(=O)N(CCC3=CN=CN3)O,GBKVAPJMXMGXJK-NSHDSACASA-N
"2-[2-[2-[2-[bis(carboxymethyl)amino]-5-[hydroxy-(6-nitro-1,3-benzodioxol-5-yl)methyl]phenoxy]ethoxy]-N-(carboxymethyl)-4-methylanilino]acetic acid",685.6,3,259,17,5,17,49,C31H31N3O15,CC1=CC(=C(C=C1)N(CC(=O)O)CC(=O)O)OCCOC2=C(C=CC(=C2)C(C3=CC4=C(C=C3[N+](=O)[O-])OCO4)O)N(CC(=O)O)CC(=O)O,SQBFKIHOMAMLEJ-UHFFFAOYSA-N
Norathiol,271.4,-2.2,138,7,6,6,16,C8H17NO5S2,CN(CC(C(C(C(CO)O)O)O)O)C(=S)S,IBVJFULICYLKCE-BDVNFPICSA-N
Chromium 2-pyridinecarboxylate,418.3,,159,9,0,0,28,C18H12CrN3O6,C1=CC=NC(=C1)C(=O)[O-].C1=CC=NC(=C1)C(=O)[O-].C1=CC=NC(=C1)C(=O)[O-].[Cr+3],CBDQOLKNTOMMTL-UHFFFAOYSA-K
"(4s,5r)-N-{3-[(2,3-Dihydroxybenzoyl)amino]propyl}-2-(2,3-Dihydroxyphenyl)-N-[3-({[(4s,5r)-2-(2,3-Dihydroxyphenyl)-5-Methyl-4,5-Dihydro-1,3-Oxazol-4-Yl]carbonyl}amino)propyl]-5-Methyl-4,5-Dihydro-1,3-Oxazole-4-Carboxamide",705.7,2.9,243,13,8,13,51,C35H39N5O11,CC1C(N=C(O1)C2=C(C(=CC=C2)O)O)C(=O)NCCCN(CCCNC(=O)C3=C(C(=CC=C3)O)O)C(=O)C4C(OC(=N4)C5=C(C(=CC=C5)O)O)C,LLMKLMMXMOTPRU-UHFFFAOYSA-N
Calcium disodium EDTA,330.3,,169,8,2,0,21,C10H14CaN2O8,C(C[NH+](CC(=O)[O-])CC(=O)[O-])[NH+](CC(=O)[O-])CC(=O)[O-].[Ca+2],NVTRPRFAWJGJAJ-UHFFFAOYSA-L
Technetium-99mTc-DTPA,487.21,,210,13,0,11,28,C14H18N3O10Tc-,C(CN(CC(=O)[O-])CC(=O)[O-])N(CCN(CC(=O)[O-])CC(=O)[O-])CC(=O)[O-].[Tc+4],UVKNREAAHQRBKA-IEOVAKBOSA-I
Technetium Tc 99m pentetate,510.2,,210,13,0,11,29,C14H18N3NaO10Tc,C(CN(CC(=O)[O-])CC(=O)[O-])N(CCN(CC(=O)[O-])CC(=O)[O-])CC(=O)[O-].[Na+].[Tc+4],VTPAYRVYYYAMJN-FCHARDOESA-I
DL-Alanosine; ENT 52867; NSC 143647,149.11,-3.8,125,6,3,3,10,C3H7N3O4,C(C(C(=O)O)N)[N+](=NO)[O-],ZGNLFUXWZJGETL-UHFFFAOYSA-N
Sodium N-methyl-D-glucamine dithiocarbamate,295.4,,109,8,6,7,17,C8H18NNaO5S2,CN(CC(C(C(C(CO)O)O)O)[O-])C(S)S.[Na+],KRFSWOJRIJXMMP-LJTMIZJLSA-N
N-[5-[[4-[5-[acetyl(hydroxy)amino]pentylamino]-4-oxobutanoyl]-hydroxyamino]pentyl]-N'-(5-aminopentyl)-N'-hydroxybutanediamide;iron(3+),616.5,,206,9,6,5,40,C25H48FeN6O8+3,CC(=O)N(CCCCCNC(=O)CCC(=O)N(CCCCCNC(=O)CCC(=O)N(CCCCCN)O)O)O.[Fe+3],BLMKUGGNEDBRRA-UHFFFAOYSA-N
"sodium;N-benzyl-N-[(2S,3R,4R,5R)-2,3,4,5,6-pentahydroxyhexyl]carbamodithioate;hydrate",387.5,,139,8,6,8,24,C14H22NNaO6S2,C1=CC=C(C=C1)CN(CC(C(C(C(CO)O)O)O)O)C(=S)[S-].O.[Na+],TXJWBAQEJPAZFU-PIGYCACQSA-M
"Acetic acid, disoidum salt",156.09,,86.6,5,3,4,10,C4H7NNaO4+,C(C(=O)O)NCC(=O)O.[Na+],YMUIJWOIZMVBQZ-UHFFFAOYSA-N
Ferrivibriobactin,755.5,,260,13,2,0,52,C35H33FeN5O11-3,CC1C(N=C(O1)C2=C(C(=CC=C2)[O-])[O-])C(=O)NCCCN(CCCNC(=O)C3=C(C(=CC=C3)[O-])[O-])C(=O)C4C(OC(=N4)C5=C(C(=CC=C5)[O-])[O-])C.[Fe+3],XCZXQZJLNMPXIV-VBIAIPROSA-H
"5,5'-difluoro-1,2-bis(2-aminophenoxy)ethane-N,N,N',N'-tetraacetic acid",512.4,2.4,174,14,4,15,36,C22H22F2N2O10,C1=CC(=C(C=C1F)OCCOC2=C(C=CC(=C2)F)N(CC(=O)O)CC(=O)O)N(CC(=O)O)CC(=O)O,KOQKTVVVWVDJJY-UHFFFAOYSA-N
Coprin,391.83,,167,10,0,7,22,C10H12CaCuN2O8-2,C(CN(CC(=O)[O-])CC(=O)[O-])N(CC(=O)[O-])CC(=O)[O-].[Ca+2].[Cu],BDXJQNWLTCUWES-UHFFFAOYSA-J
Uralyt U,1339.1,,696,36,9,13,78,C30H30K6Na6O36,C(C(=O)[O-])C(CC(=O)[O-])(C(=O)O)O.C(C(=O)[O-])C(CC(=O)[O-])(C(=O)O)O.C(C(=O)[O-])C(CC(=O)[O-])(C(=O)O)O.C(C(=O)[O-])C(CC(=O)[O-])(C(=O)[O-])O.C(C(=O)[O-])C(CC(=O)[O-])(C(=O)[O-])O.O.[Na+].[Na+].[Na+].[Na+].[Na+].[Na+].[K+].[K+].[K+].[K+].[K+].[K+],COSZWAUYIUYQBS-UHFFFAOYSA-B
Technetium TC-99M pentetate,508.2,,210,13,0,11,29,C14H18N3NaO10Tc-4,C(CN(CC(=O)[O-])CC(=O)[O-])N(CCN(CC(=O)[O-])CC(=O)[O-])CC(=O)[O-].[Na+].[Tc],UBRBVRZQCLXKSZ-UHFFFAOYSA-I
Gobichelin B,689.7,-2.1,301,12,11,18,49,C30H43N9O10,C1CC(C(=O)N(C1)O)NC(=O)C(CO)NC(=O)C(CCCCN)NC(=O)C(CC2=CN=CN2)NC(=O)C(CO)NC(=O)C3=CC=CC=C3O,JIICBHNPXOJWNK-QCBQRGATSA-N
"N-Methyl-N-(2,3,4,5,6-pentahydroxyhexyl)dithiocarbamic acid",271.4,-2.2,138,7,6,6,16,C8H17NO5S2,CN(CC(C(C(C(CO)O)O)O)O)C(=S)S,IBVJFULICYLKCE-UHFFFAOYSA-N
3-Hydroxypyridin-4-one,111.1,-0.9,49.7,3,1,0,8,C5H5NO2,C1=CN=CC(C1=O)O,LQUSVSANJKHVTM-UHFFFAOYSA-N
"2-[1-hydroxy-1-[2-[2-(2-hydroxyphenyl)-4,5-dihydro-1,3-thiazol-4-yl]-1,3-thiazolidin-4-yl]-2-methylpropan-2-yl]-4-methyl-5H-1,3-thiazole-4-carboxylic acid",481.7,0,190,10,4,6,31,C21H27N3O4S3,CC1(CSC(=N1)C(C)(C)C(C2CSC(N2)C3CSC(=N3)C4=CC=CC=C4O)O)C(=O)O,JHYVWAMMAMCUIR-UHFFFAOYSA-N
Cyclohexanediaminetetraacetic acid,354.4,,201,10,6,0,24,C14H30N2O8,CC(=O)O.CC(=O)O.CC(=O)O.CC(=O)O.C1CCC(CC1)(N)N,IXGIXILVXOCZSV-UHFFFAOYSA-N
"2-[(S)-1,1-Dimethyl-2-hydroxy-2-[2alpha-[2-(2-hydroxyphenyl)-2-thiazoline-4beta-yl]thiazolidine-4alpha-yl]ethyl]-4-methyl-2-thiazoline-4beta-carboxylic acid",481.7,0,190,10,4,6,31,C21H27N3O4S3,CC1(CSC(=N1)C(C)(C)C(C2CSC(N2)C3CSC(=N3)C4=CC=CC=C4O)O)C(=O)O,JHYVWAMMAMCUIR-NIJJZIDKSA-N
Knqdk peptide,631.7,-10.3,355,13,11,24,44,C25H45N9O10,C(CCN)CC(C(=O)NC(CC(=O)N)C(=O)NC(CCC(=O)N)C(=O)NC(CC(=O)O)C(=O)NC(CCCCN)C(=O)O)N,SJCPCCWQGITHJP-WOYTXXSLSA-N
alpha-Casozepine,1267.5,-0.8,511,18,17,41,90,C60H94N14O16,CC(C)CC(C(=O)NC(CC(C)C)C(=O)NC(CCCN=C(N)N)C(=O)O)NC(=O)C(CCC(=O)N)NC(=O)C(CCC(=O)O)NC(=O)C(CC(C)C)NC(=O)C(CC1=CC=C(C=C1)O)NC(=O)CNC(=O)C(CC(C)C)NC(=O)C(CC2=CC=C(C=C2)O)N,SKGURMFKEAFAGD-CSYZDTNESA-N
Mycobactin S,828,8.6,207,11,5,29,59,C44H69N5O10,CCCCCCCCCCCCCCCC=CC(=O)N(CCCCC(C(=O)OC(C)CC(=O)NC1CCCCN(C1=O)O)NC(=O)C2COC(=N2)C3=CC=CC=C3O)O,DQMISKWZRFJSGS-OGLMXYFKSA-N
Casoxin C,1251.5,-1,485,17,16,37,89,C60H94N14O15,CCC(C)C(C(=O)NC(CCC(=O)N)C(=O)NC(CC1=CC=C(C=C1)O)C(=O)NC(C(C)C)C(=O)NC(CC(C)C)C(=O)NC(CO)C(=O)NC(CCCN=C(N)N)C(=O)O)NC(=O)C2CCCN2C(=O)C(C(C)CC)NC(=O)C(CC3=CC=C(C=C3)O)N,FLMZYYASMMUDFC-FJKDSYQFSA-N
Zinc-DTPA,453.7,,210,13,0,2,28,C14H18N3O10Zn-3,C(CN(CC(=O)[O-])CC(=O)[O-])N(CCN(CC(=O)[O-])CC(=O)[O-])CC(=O)[O-].[Zn+2],UVJDUBUJJFBKLD-UHFFFAOYSA-I
Ferrioxamine B mesylate,709.6,,277,12,4,23,45,C26H49FeN6O11S,CC(=O)N(CCCCCNC(=O)CCC(=O)N(CCCCCNC(=O)CCC(=O)N(CCCCCN)[O-])[O-])[O-].CS(=O)(=O)O.[Fe+3],CKRVVAGYYHGSIZ-UHFFFAOYSA-N
"N-(3-(2,3-Dihydroxybenzamido)propyl)-1,3-bis((2,3-dihydroxyphenyl)-trans-5-methyl-2-oxazoline-4-carboxamido)propane",705.7,2.9,243,13,8,13,51,C35H39N5O11,CC1C(N=C(O1)C2=C(C(=CC=C2)O)O)C(=O)NCCCN(CCCNC(=O)C3=C(C(=CC=C3)O)O)C(=O)C4C(OC(=N4)C5=C(C(=CC=C5)O)O)C,LLMKLMMXMOTPRU-ITZUCLMNSA-N
"2-[2-(2-Hydroxyphenyl)-4,5-dihydro-1,3-thiazol-4-yl]-3-methyl-1,3-thiazolidine-4-carboxylic acid",324.4,-0.3,124,7,2,3,21,C14H16N2O3S2,CN1C(CSC1C2CSC(=N2)C3=CC=CC=C3O)C(=O)O,NYBZAGXTZXPYND-UHFFFAOYSA-N
Tyrosyl-glutaminyl-glutaminyl-prolyl-valyl-leucyl-glycyl-prolyl-valyl-arginine,1156.3,-4.1,478,16,14,33,82,C53H85N15O14,CC(C)CC(C(=O)NCC(=O)N1CCCC1C(=O)NC(C(C)C)C(=O)NC(CCCN=C(N)N)C(=O)O)NC(=O)C(C(C)C)NC(=O)C2CCCN2C(=O)C(CCC(=O)N)NC(=O)C(CCC(=O)N)NC(=O)C(CC3=CC=C(C=C3)O)N,QMLXCJQZMNVNMU-ABCDUJAMSA-N
Pentetate calcium,431.41,,210,13,3,11,28,C14H21CaN3O10,[H+].[H+].[H+].C(CN(CC(=O)[O-])CC(=O)[O-])N(CCN(CC(=O)[O-])CC(=O)[O-])CC(=O)[O-].[Ca+2],BHRQIJRLOVHRKH-UHFFFAOYSA-L
"Bathophenanthroline disulfonic acid, disodium salt",568.6,,157,8,0,2,38,C26H22N2Na2O6S2,CS(=O)(=O)[O-].CS(=O)(=O)[O-].C1=CC=C(C=C1)C2=C3C=CC4=C(C=CN=C4C3=NC=C2)C5=CC=CC=C5.[Na+].[Na+],MBZXAVMLVZKQQP-UHFFFAOYSA-L
"Glycine, N-(2-(2-(2-(bis(carboxymethyl)amino)-5-(diazoacetyl)phenoxy)ethoxy)-4-methylphenyl)-N-(carboxymethyl)-",558.5,2.3,193,14,4,17,40,C25H26N4O11,CC1=CC(=C(C=C1)N(CC(=O)O)CC(=O)O)OCCOC2=C(C=CC(=C2)N(CC(=O)O)CC(=O)O)C(=O)C=[N+]=[N-],CZKKIYPWLBINSU-UHFFFAOYSA-N
Dysprosium Nitrilotriacetate,353.64,,115,7,3,0,14,C6H9DyNO6,C(C(=O)O)N(CC(=O)O)CC(=O)O.[Dy],RQAWWALERDXHSW-UHFFFAOYSA-N
Calcium dipicolinate trihydrate,338.33,,109,9,3,4,22,C12H14CaN2O7,C1=CC=NC(=C1)C(=O)[O-].C1=CC=NC(=C1)C(=O)[O-].O.O.O.[Ca+2],MZJVQPORIUOOIT-UHFFFAOYSA-L
"3,4,5-trihydroxy-1-[(2R,3R)-3,5,7-trihydroxy-3,4-dihydro-2H-chromen-2-yl]-8-(3,5,7-trihydroxy-3,4-dihydro-2H-chromen-2-yl)benzo[7]annulen-6-one",564.5,2.4,218,12,9,2,41,C29H24O12,C1C(C(OC2=CC(=CC(=C21)O)O)C3=CC4=C(C(=C(C=C4C5C(CC6=C(C=C(C=C6O5)O)O)O)O)O)C(=O)C(=C3)O)O,IPMYMEWFZKHGAX-DPHKYJGVSA-N
Mycobactin S,828,8.6,207,11,5,29,59,C44H69N5O10,CCCCCCCCCCCCCCCC=CC(=O)N(CCCCC(C(=O)OC(C)CC(=O)NC1CCCCN(C1=O)O)NC(=O)C2COC(=N2)C3=CC=CC=C3O)O,DQMISKWZRFJSGS-DCLNGJSXSA-N
beta-Casokinin 10,1156.3,-4.1,478,16,14,33,82,C53H85N15O14,CC(C)CC(C(=O)NCC(=O)N1CCCC1C(=O)NC(C(C)C)C(=O)NC(CCCN=C(N)N)C(=O)O)NC(=O)C(C(C)C)NC(=O)C2CCCN2C(=O)C(CCC(=O)N)NC(=O)C(CCC(=O)N)NC(=O)C(CC3=CC=C(C=C3)O)N,QMLXCJQZMNVNMU-UHFFFAOYSA-N
"3-(2-Pyridyl)-5,2,4-triazine, disodium salt",493.5,,177,10,2,5,33,C20H14N4NaO6S2+,C1=CC=NC(=C1)C2=NC(=C(N=N2)C3=CC=C(C=C3)S(=O)(=O)O)C4=CC=C(C=C4)S(=O)(=O)O.[Na+],ZGVNYCXXBQPDPQ-UHFFFAOYSA-N
"sodium;N-benzyl-N-[(2S,3R,4R,5R)-2,3,4,5,6-pentahydroxyhexyl]carbamodithioate",369.4,,138,7,5,8,23,C14H20NNaO5S2,C1=CC=C(C=C1)CN(CC(C(C(C(CO)O)O)O)O)C(=S)[S-].[Na+],BKOVQKBWCURYNR-VXERAZRLSA-M
"[4-[(1-Hydroxy-2-oxoazepan-3-yl)amino]-4-oxobutan-2-yl] 6-[hydroxy(octadec-2-enoyl)amino]-2-[[2-(2-hydroxyphenyl)-4,5-dihydro-1,3-oxazole-4-carbonyl]amino]hexanoate",828,8.6,207,11,5,29,59,C44H69N5O10,CCCCCCCCCCCCCCCC=CC(=O)N(CCCCC(C(=O)OC(C)CC(=O)NC1CCCCN(C1=O)O)NC(=O)C2COC(=N2)C3=CC=CC=C3O)O,DQMISKWZRFJSGS-UHFFFAOYSA-N
Pyoverdin G4R,1075,-12,509,22,18,25,76,C44H62N14O18,C1CC(C(=O)N(C1)O)NC(=O)C(CO)NC(=O)CNC(=O)C2CCN=C(N2)C(C(C(=O)O)O)NC(=O)C(CCCN)NC(=O)C(CC(=O)O)NC(=O)C3CCNC4N3C5=CC(=C(C=C5C=C4NC(=O)CCC(=O)N)O)O,HTAUHFFSGPRYNB-ZRPZTRFNSA-N
"(4S)-2-[(1S)-1-hydroxy-1-[(4S)-2-[(4R)-2-(2-hydroxyphenyl)-4,5-dihydro-1,3-thiazol-4-yl]-1,3-thiazolidin-4-yl]-2-methylpropan-2-yl]-4-methyl-5H-1,3-thiazole-4-carboxylic acid",481.7,0,190,10,4,6,31,C21H27N3O4S3,CC1(CSC(=N1)C(C)(C)C(C2CSC(N2)C3CSC(=N3)C4=CC=CC=C4O)O)C(=O)O,JHYVWAMMAMCUIR-ILCQXMJSSA-N
"[(2S)-4-[[(3S)-1-hydroxy-2-oxoazepan-3-yl]amino]-4-oxobutan-2-yl] (2S)-6-[hydroxy-[(E)-octadec-2-enoyl]amino]-2-[[(4S)-2-(2-hydroxyphenyl)-4,5-dihydro-1,3-oxazole-4-carbonyl]amino]hexanoate",828,8.6,207,11,5,29,59,C44H69N5O10,CCCCCCCCCCCCCCCC=CC(=O)N(CCCCC(C(=O)OC(C)CC(=O)NC1CCCCN(C1=O)O)NC(=O)C2COC(=N2)C3=CC=CC=C3O)O,DQMISKWZRFJSGS-AOXGLPOYSA-N
"4-[[5-amino-1-[[2-carboxy-2-hydroxy-1-[6-[[2-[[3-hydroxy-1-[(1-hydroxy-2-oxopiperidin-3-yl)amino]-1-oxopropan-2-yl]amino]-2-oxoethyl]carbamoyl]-1,4,5,6-tetrahydropyrimidin-2-yl]ethyl]amino]-1-oxopentan-2-yl]amino]-3-[[5-[(4-amino-4-oxobutanoyl)amino]-8,9-dihydroxy-2,3,4,4a-tetrahydro-1H-pyrimido[1,2-a]quinoline-1-carbonyl]amino]-4-oxobutanoic acid",1075,-12,509,22,18,25,76,C44H62N14O18,C1CC(C(=O)N(C1)O)NC(=O)C(CO)NC(=O)CNC(=O)C2CCN=C(N2)C(C(C(=O)O)O)NC(=O)C(CCCN)NC(=O)C(CC(=O)O)NC(=O)C3CCNC4N3C5=CC(=C(C=C5C=C4NC(=O)CCC(=O)N)O)O,HTAUHFFSGPRYNB-UHFFFAOYSA-N
Pyoverdin D,1336.4,-9.3,610,25,22,30,94,C55H85N17O22,CC(C1C(=O)NC(C(=O)NCCCCC(C(=O)NC(C(=O)N1)CCCN(C=O)O)NC(=O)C(CCCN(C=O)O)NC(=O)C(CO)NC(=O)C(CCCN=C(N)N)NC(=O)C(CO)NC(=O)C2CCNC3N2C4=CC(=C(C=C4C=C3NC(=O)CCC(=O)O)O)O)C(C)O)O,IXTLVPXCZJJUQB-IQNZCSOISA-N
Caseicin A,1049.2,-8.1,466,17,14,35,74,C46H76N14O14,CCC(C)C(C(=O)NC(CCCCN)C(=O)NC(CC1=CN=CN1)C(=O)NC(CCC(=O)N)C(=O)NCC(=O)NC(CC(C)C)C(=O)N2CCCC2C(=O)NC(CCC(=O)N)C(=O)NC(CCC(=O)O)C(=O)O)N,MWNGMLITDSCFBX-HZWNLYFKSA-N
Caseicin B,970.1,-4.6,455,15,14,33,68,C42H75N13O13,CC(C)CC(C(=O)NC(CCCN=C(N)N)C(=O)O)NC(=O)C(CC(C)C)NC(=O)C(CC(=O)N)NC(=O)C(CCC(=O)O)NC(=O)C(CC(=O)N)NC(=O)C(CC(C)C)NC(=O)C(C(C)C)N,HLDHEODIZVTOGP-ZDRVBFMLSA-N
