cid,cmpdname,cmpdsynonym,mw,mf,polararea,complexity,xlogp,heavycnt,hbonddonor,hbondacc,rotbonds,inchi,isosmiles,canonicalsmiles,inchikey,iupacname,exactmass,monoisotopicmass,charge,covalentunitcnt,isotopeatomcnt,totalatomstereocnt,definedatomstereocnt,undefinedatomstereocnt,totalbondstereocnt,definedbondstereocnt,undefinedbondstereocnt,pclidcnt,gpidcnt,gpfamilycnt,neighbortype,meshheadings,annothits,annothitcnt,aids,cidcdate,sidsrcname,depcatg,annotation
64655,Aluminum Phosphate,"Aluminum phosphate|7784-30-7|Phosphaljel|Monoaluminum phosphate|ALUMINIUM PHOSPHATE|Aluminum phosphate (1:1)|Aluminumphosphate|Aluminum phosphate gel|Aluminium phosphate gel|Aluminum monophosphate|Phosphoric acid, aluminum salt (1:1)|F92V3S521O|Aluminum phosphate [USP]|Phosphoric acid, aluminum salt, basic|Phosphoric acid, aluminium salt (1:1)|Aluminum dihydrogen phosphate|56574-68-6|Phosphalugel|DTXSID5064839|ALUMINIUM PHOSPHATE (1:1)|Aluminum acid phosphate|Aluphos|Aluminum phosphate (USP)|98499-64-0|Aluminophosphoric acid|ALUMINIUM PHOSPHATE (MART.)|ALUMINIUM PHOSPHATE [MART.]|Aluminum Phosphoric Acid|Aluminiumphosphat|MFCD00003430|Aluminiumphosphat [German]|Aluminum monophosphate; Aluminum orthophosphate;Phosphalutab; Phosphaluvet; Rehydraphos|ALUMINUM PHOSPHATE (USP IMPURITY)|ALUMINUM PHOSPHATE [USP IMPURITY]|FFB 32|ALUMINIUM PHOSPHATE GEL (EP MONOGRAPH)|ALUMINIUM PHOSPHATE GEL [EP MONOGRAPH]|aluminium orthophosphate|EINECS 232-056-9|UNII-F92V3S521O|Aluminium orthophosphate, natural|Phosphaljel (TN)|Aluminium Phosphoricum|AlO4P|EC 232-056-9|Aluminum phosphate, Puratronic|ALUMINUM PHOSPHATE [MI]|CHEMBL3833315|DTXCID6048042|ILRRQNADMUWWFW-UHFFFAOYSA-K|ALUMINUM PHOSPHATE [VANDF]|ALUMINIUM PHOSPHATE [WHO-DD]|AKOS015856690|DB14517|FT-0622223|D02862",121.953,AlO4P,86.200,36.800,NULL,6,0,4,0,"InChI=1S/Al.H3O4P/c;1-5(2,3)4/h;(H3,1,2,3,4)/q+3;/p-3",[O-]P(=O)([O-])[O-].[Al+3],[O-]P(=O)([O-])[O-].[Al+3],ILRRQNADMUWWFW-UHFFFAOYSA-K,aluminum;phosphate,121.935,121.935,0,2,0,0,0,0,0,0,0,339,20,10,2D,NULL,Chemical and Physical Properties|Classification|Drug and Medication Information|Literature|Patents|Pharmacology and Biochemistry|Safety and Hazards|Toxicity|Use and Manufacturing,10,NULL,20050808,"001Chemical|3WAY PHARM INC|A2B Chem|AA BLOCKS|abcr GmbH|ABI Chem|Acadechem|AK Scientific, Inc. (AKSCI)|AKos Consulting & Solutions|Alfa Chemistry|Ambeed|Aurora Fine Chemicals LLC|BLD Pharm|BOC Sciences|Chembase.cn|ChEMBL|ChemIDplus|ChemMol|ChemSpider|Clearsynth|Collaborative Drug Discovery, Inc.|Combi-Blocks|Comparative Toxicogenomics Database (CTD)|Cooke Chemical Co., Ltd|CymitQuimica|DiscoveryGate|DrugBank|EPA DSSTox|EPA Substance Registry Services|FDA Global Substance Registration System (GSRS)|Finetech Industry Limited|FondChemical Co., Ltd|Hairui Chemical|iChemical Technology USA Inc|ISpharm|J&H Chemical Co.,ltd|KEGG|LeadScope|MolCore BioPharmatech|Molepedia|MolPort|MP Biomedicals|MuseChem|NextBio|NextMove Software|NORMAN Suspect List Exchange|NovoSeek|Oakwood Products|Parchem|PubChem Reference Collection|Santa Cruz Biotechnology, Inc.|Starshine Chemical|Thermo Fisher Scientific|Thomson Pharma|Thoreauchem|ToxPlanet|Tractus|VladaChem|VWR, Part of Avantor|Wubei-Biochem|Yick-Vic Chemicals & Pharmaceuticals (HK) Ltd.|Yuhao Chemical",Chemical Vendors|Curation Efforts|Governmental Organizations|Journal Publishers|Legacy Depositors|Research and Development|Subscription Services,A - Alimentary tract and metabolism > A02 - Drugs for acid related disorders > A02A - Antacids > A02AB - Aluminium compounds|D005765 - Gastrointestinal Agents > D000863 - Antacids|D007155 - Immunologic Factors
3086011,Magaldrate,"Magaldrate|Malumix|Magaldrato|Magaldratum|Agastrin|Bemolan|Dynese|Riopan|Riopan Plus|Magaldratum [Latin]|Magaldrato [Spanish]|aluminum;magnesium;hydroxide;sulfate|UNII-6V88E24N5T|Magaldrate [USAN:USP:INN:BAN]|AY 5710|Aluminum magnesium hydroxide sulfate, hydrate|Q419991|Aluminum magnesium hydroxide sulfate (Al5Mg10(OH)31(SO4)2.xH2O)|Pentaaluminium-decamagnesium-hentriacontahydroxid-bis(sufat)-n-wasser",164.360,AlHMgO5S+2,89.600,62.200,NULL,8,1,5,0,"InChI=1S/Al.Mg.H2O4S.H2O/c;;1-5(2,3)4;/h;;(H2,1,2,3,4);1H2/q+3;+2;;/p-3",[OH-].[O-]S(=O)(=O)[O-].[Mg+2].[Al+3],[OH-].[O-]S(=O)(=O)[O-].[Mg+2].[Al+3],JIFPTBLGXRKRAO-UHFFFAOYSA-K,aluminum;magnesium;hydroxide;sulfate,163.921,163.921,2,4,0,0,0,0,0,0,0,55,151,47,2D,NULL,Classification|Drug and Medication Information|Literature|Patents|Pharmacology and Biochemistry,5,NULL,20050809,"ABI Chem|AN PharmaTech|BenchChem|ChemIDplus|ChemMol|ChemSpider|DiscoveryGate|Egon Willighagen (Dept. of Bioinformatics - BiGCaT, Maastricht University)|Google Patents|iChemical Technology USA Inc|J&H Chemical Co.,ltd|NextBio|NovoSeek|RR Scientific|Smolecule|Starshine Chemical|THE BioTek|Thomson Pharma|Wikidata",Chemical Vendors|Curation Efforts|Governmental Organizations|Journal Publishers|Legacy Depositors|Research and Development|Subscription Services,"A - Alimentary tract and metabolism > A02 - Drugs for acid related disorders > A02A - Antacids > A02AD - Combinations and complexes of aluminium, calcium and magnesium compounds|C78276 - Agent Affecting Digestive System or Metabolism > C29701 - Anti-ulcer Agent|D005765 - Gastrointestinal Agents > D000863 - Antacids"
10112,Calcium Carbonate,"Aragonite|CALCIUM CARBONATE|471-34-1|Limestone|Calcite|Chalk|Calcium carbonate (1:1)|Carbonic acid calcium salt (1:1)|Calofort U|Aeromatt|Caltrate|Calwhite|Hydrocarb|Microcarb|Micromya|Atomite|calciumcarbonate|Calmote|Caltec|Marfil|Allied whiting|Levigated chalk|Tums|Marble white|Marble dust|Camel-tex|Calofort S|Calofort T|Calopake F|Calopake H|Calopake FS|Gilder's whiting|Multifex MM|Calcene NC|Calcene TM|Crystic prefil S|Cal-Sup|Calcite (Ca(Co3))|1317-65-3|Filtex White Base|Precipitated calcium carbonate|Non-Fer-Al|Brilliant BR 15|Monocalcium carbonate|Calciumcarbonat|Glauberitum|Kalziumkarbonat|Calcitum|Calopake high opacity|C 50 (carbonate)|CaCO3|Slaker rejects|Caswell No. 139|Han shui shi|kohlensaurer Kalk|Limestone, ground|Precipitated chalk|carbonato de calcio|carbonate de calcium|Phx cal-carb buffer|CI 77220|calcium;carbonate|Calcium carbonate, precipitated|BRT 30|CCRIS 1333|HSDB 927|Calcium (as carbonate)|Calcium carbonate slurry|calcium trioxidocarbonate|13397-26-7|Calcii carbonas|Calcium carbonate, powder|BS 32|BRT 1500|EINECS 207-439-9|Precpitated calcium carbonate|UNII-H0G9379FGK|EPA Pesticide Chemical Code 073502|Calcium (as calcium carbonate)|CHEBI:3311|H0G9379FGK|INS NO.170(I)|INS-170(I)|C.I. 77220|Calcium carbonate (USP)|Calcium carbonate [USP]|Carbonate (calcium)|Marble|E-170(I)|DTXSID3036238|NDI 443|EC 207-439-9|MFCD00010906|Akadama|Albacar|Albafil|Albaglos|Calcicoll|Calibrite|Calseeds|Carbium|Chemcarb|Clefnon|Domolite|Duramite|Kotamite|Neoanticid|Atomit|Calmos|Dacote|Camel-carb|Camel-wite|E 170|Britomya M|Britomya S|Hakuenka O|Multiflex MM|Multiflex SC|Albaglos SF|Calopake PC|Carusis P|Garolite SA|Hakuenka CC|Hakuenka DD|Hakuenka PX|Hakuenka PZ|Homocal D|Neolite F|Calcene CO|Carbium MM|Hakuenka CCR|Neolite SP|Neolite TPS|Calcilit 8|Carborex 2|Microwhite 25|R Jutan|Calcium Carbonate Nanopowder|Hakuenka T-DD|Brilliant 15|Hydrocarb 60|Hydrocarb 65|Marblewhite 325|Cal-Light SA|PEPCID COMPLETE COMPONENT CALCIUM CARBONATE|Calcidar 40|Carbital 90|Durcal 2NH|CCC G-white|Kredafil RM 5|Calofil A 4|Calofil B 1|Calofil E 2|Calcilit 100|CALCIUM CARBONATE COMPONENT OF PEPCID COMPLETE|Hakuenka R 06|Micromic CR 16|CALCIUM CARBONATE (II)|CALCIUM CARBONATE [II]|Calcium monocarbonate|Durcal 10|Durcal 40|Brilliant 1500|Calofor U 50|CCC No.AA oolitic|Eskalon 100|Eskalon 200|Eskalon 400|Eskalon 800|Finncarb 6002|Kredafil 150 Extra|Albacar 5970|Eskalon 1500|CALCIUM CARBONATE (MART.)|CALCIUM CARBONATE [MART.]|MSK-PO|CALCIUM CARBONATE (USP-RS)|CALCIUM CARBONATE [USP-RS]|MSK-C|MSK-G|MSK-K|MSK-P|MSK-V|NCC-P|Mylanta soothing lozenges|Oyster shell|Ground limestone|MC-T|Durcal C 640305|P-Lite 500|P-Lite 700|Calcite, naturally occurring mineral, grains, approximately 0.06-0.19in|Di-Gel Tablets|CALCIUM CARBONATE (EP MONOGRAPH)|CALCIUM CARBONATE [EP MONOGRAPH]|EGRI M 5|CALCIUM CARBONATE (USP MONOGRAPH)|CALCIUM CARBONATE [USP MONOGRAPH]|Carbonate, Calcium|KULU 40|Chalk, Precipitated|NCC 45|Tylenol Headache Plus|Vaterite (Ca(CO3))|Carbonic acid, calcium salt (1:1)|AX 363|BF 200|KS 500|NS 100|NS 200|NS 400|KS 1300|KS 1500|KS 1800|KS 2100|NS 2500|Soothechildrens|Calcichew|Calcidia|Fixical|Magnacal|N 34|N 43|Nutralox|Opacimite|Purecal|calcium carbon|Cemics|TumsNaturals|Cacit|flavor chews|PeptoKids|TumsUltra|AntacidChildrens|Kalk|Prepared chalk|Alkums Antacid|Antacid Relief|Antacid Tablets|Calcium Antacid|Cherry Antacid|Genexa Antacid|Medique Alcalak|Ultra Strength|Calcio carbonato|CVSNaturals|Honest-Paste|Kids Antacid|Mint Antacid|Uline Antacid|Xpect Antacid|TUMSSmoothies|AI kungang|carbonate calcium|Equaline Antacid|Meijer Softchews|Thompson Antacid|K 250|Purecal T|Purecal U|Childrens Antacid|Purecal SC|Unishield Antacid|Calcen CO|Calciium carbonate|Queensgate whiting|Tums Chewy Bites|calcium carb onate|Razzmatazz Antacid|TumsChewy Delights|Antacid Soft Chew|Kids Tummy Relief|Royal White Light|Carbital 50|Medi-first Antacid|Only ForANTACID|PV Extra Strength|Copper Nickel Foil|Marble, CP|Medi First Antacid|Omya BLH|Calcium 600mg|QC Antacid Calcium|Antacid Berry Bites|Antacid Flavor Chew|CVS Ultra Strength|HEB Ultra Strength|His Ulc Mint Blue|Tumeez Variety Pack|TumsRegular Strength|TC Max|Ca Re T Heal|QC Regular Strength|Antacid Flavor Chews|Belmora Melox Agrura|Calcite8107|CAMELCARB|CAMELWITE|Crane Safety Antacid|HEB Antacid Calcium|MILCARB|Polaris Mint Antacid|SEYIP|SNOWFLAKE|TUMSEX|Ultra StrengthAntacid|WHISCAL|WHITON|equate Extra Strength|HEB Regular strength|T 130-2500|Cal-sup (TN)|CardinalExtra Strength|Extra Strength Smooth|Kroger Ultra Strength|Mint Flavored Antacid|Moore Medical Antacid|Physicianscare Antacid|Publix Extra Strength|Publix Ultra Strength|CERTI-ANTACID|ENGLISH WHITE|SYNTHETIC CHALK|WinCo FOODS Antacid|WINNOFIL SPTB|ANTACIDextra strength|calcium(II) carbonate|CALSEEDS PL|COROCALSO WS|HAKUENKA AA|KEMIPURON A|NOVELIGHT PP|PARIS WHITE|SNOWLITE SS|VISCOLITE U|WINNOFIL SP|WINNOFIL SPM|WINNOFIL SPT|ALBAGLOS S|Antacid Extra Strength|Antacid Ultra Strength|Calcium carbonate, CP|Childrens Tummy Relief|DROP CHALK|Extra Strength Antacid|HAKUENKA A|Major Regular Strength|N P G Tall|NEOLITE S|NEWLIGHT F|OPACARB S|PFICARBO H|PFICARBO S|PURECAL O|Quality Choice Antacid|STURCAL F|Sunmark Smooth Antacid|Ultra Strength Antacid|WHISCAL A|BLACKBOARD CHALK|CALPIN Y|Regular StrengthAntacid|Smithko kalkarb whiting|SUPER SS|Exchange Select Antacid|Meijer Regular Strength|Orange Antacid Softchew|Sunmark Calcium Antacid|TAMA PEARL FCC|TAMA PEARL HGA|TAMA PEARL TPK|Topcare Antacid Calcium|TUNEX E|CAL-LIGHT KT|Calcium carbonate, dust|Calcium Carbonate,(S)|Calcium carbonate; (Dolomite, Limestone)|First Aid Only Antacid|Heartburn Relief To Go|LEADER Ultra Strength|NEOLITE SP-B|Rugby Cal-Gest Antacid|TP-CPC|Acid controller complete|Co De R T|KRETA VH-II|O Re Ca P|Medi-first Plus Antacid|Antacid Regular Strength|Aramark Antacid Chewable|CALCITE [INCI]|Chewable Antacid Tablets|Childrens Stomach Relief|HYDROCURVE K 9|Medi First Plus Antacid|POSICARB CP 5P|Rite Aid Ultra Strength|Tumeez Variety Pack Box|Calcium Carbonate (AS)|CAREONE Extra Strength|MICRONA 3|MICRONA 7|SILA FLEX 3GC|Antacid Calcium carbonate|CHALK [INCI]|PULPRO 3|PV Extra StrengthAntacid|STAVIGOT 15A|SUPER 4S|WHISCAL AS 3|Calcium Carbonate Antacid|Care One Calcium Antacid|Cherry Antacid Soft Chew|CVSExtra Strength Smooth|DG health Extra Strength|DG health Ultra Strength|Orange Antacid Soft Chew|Calcium Carbonate 500mg|CALOFIL B.1|Calsium Carbonate 10 gr|CVS PHARMACY,INC.|GIRULITE 40|LIGHTON 22S|NITOREX 23P|TAMA PEARL TP-CNC|BRILLIANT S 15|CHALK [WHO-DD]|GAMA-SPERSE 80|KREDAFIL RM 55|MICROMIC CR-16|MICRONA S 90HB|O T Re P|CAL-LIGHT A 7|CALOFORT U 50|Cherry Antacid Soft Chews|ENIFANT 15|Extra Strength Sugar Free|Healthmart Calcium Antacid|MICRONA S 80B|NITOREX 80|Plus PharmaCalcium Antacid|RapidCare Flavored Antacid|WHITON A 4|CALCITEX 902|Calcium Carbonate(Antacid)|Cherry Antacid Relief Chew|GERICARE Regular strength|HEB Extra Stregth Antacid|INDUCARB 500|Insan Bamboosalt Toothpaste|KALFAIN 200M|MICRONA S 93|Sound Body Calcium Antacid|SUNLIGHT SL 700|TAMA PEARL 222H|Best ChoiceRegular Strength|CALCIUM 600 MG|Calcium Carbonate 500 mg|Calcium Carbonate 750 mg|Calcium Carbonate1250 mg|DG Health Regular Strength|Marc GlassmanExtra Strength|Marc GlassmanUltra Strength|MC 1 (CARBONATE)|MINT ANTACID 100|MINT ANTACID 250|PV 3 (CARBONATE)|PV 4 (CARBONATE)|WINNOFIL SPT PREMIUM|Bio V Antacid Berry 96ct|CCC NO. AA OOLITIC|ESKALON 600|HEB Antacid Extra Strength|HEB Extra Strength Antacid|KALFAIN 200|MC COAT S 1|MICRORN 200|NANOX 20|NANOX 30|SCHEMBL3261|SEALETS 200|VIGOT 10|WHITON P 40|Calcium Carbonate Dispersion|equate Extra StrengthAntacid|Extra Strength SmoothAntacid|Extra StrengthAssorted Berry|INDUCARB 0000|MC 5 (FILLER)|Rexall Antacid Flavor Chews|Tums Chewy BitesBerry Shake|BKS 5|BSK 5|NSK 1|SOCAL 312N|WHITON 310|Berry Flavored Antacid Chews|CLARCAL 9125|Dr.NOAH MARUTOOTHPASTE|DRx CHOICE Antacid Calcium|Equate Ultra Stregth Antacid|ESKALON 1000|ESKALON 1700|ESKALON 2000|ESKALON 2200|G 50 (CARBONATE)|Good Neighbor Extra Strength|N 34 (CARBONATE)|N 43 (CARBONATE)|Oyster Shell Calcium 500mg|Rugby Extra Strength Antacid|SUNLIGHT SL 1500|L B T A|LIGHTON 100B10|LIGHTON 200B10|Ultra StrengthNatural Antacid|Alka-Seltzer Heartburn Relief|Antacid Relief Extra Strength|equate Ultra Strength Antacid|Extra Strength Smooth Antacid|Good Sense Antacid Soft Chew|healthy mamaTAME THE FLAME|Leader Extra Strength Antacid|Leader Ultra Strength Antacid|Meijer Extra Strength Antacid|Meijer Ultra Strength Antacid|Quality Choice Extra Strength|Quality Choice Ultra Strength|TP 121SDP|TUMSextra strength, smoothies|Calcium Carbonate Precipitated|Genexa AntacidMaximum Strength|INTEQ B 641|INTEQ B 647|Leader AntacidRegular Strength|SOFTON 2600|SOFTON 3200|TAMA PEARL TP 222H|Ultra StrengthAssorted Berries|Ca (C O3)|CVS Antacid Lime-Berry Chews|CVS Wild Berry Antacid Chews|Extra Strength Natural Antacid|Good Neighbor Pharmacy Antacid|HEB Wild Berry Antacid Chews|Premier Value Chewable Antacid|TAMA PEARL TP 123CS|TAMA PEARL TP 222HS|Topcare Antacid Extra Strength|Topcare Extra Strength Antacid|CALCIUM CARBONATE [MI]|CALCIUM(2+) CARBONATE|DG Health Antacid Berry Bites|TUMSExtra Strength Sugar-Free|ACE 25|BF 100 (CARBONATE)|FMT 70|FMT 90|GS 3|Guardian Extra Strength Antacid|KC 30A|MC 5|NDI 443 [FDMS]|Quality Choice Assorted Berries|Quality Choice Chewable Antacid|Quality Choice Regular Strength|SM 14B|SST 40|TNC-C 30|TNC-C 60|TP 123CS|TP 221GS|WO 30F|CALCIUM CARBONATE [FCC]|Calcium Carbonate Microparticles|DG health Extra StrengthAntacid|Kroger Extra StrengthSugar Free|PV Extra Strength SmoothAntacid|Rugby Calcium Carbonate 10 Gr|Best Health Berry Antacid Chews|Bio V Antacid Wintergreen 96ct|CALCIUM CARBONATE [HSDB]|CALCIUM CARBONATE [INCI]|CHEMBL1200539|Childrens Antacid Extra Strength|DOCAL U 1S2-526|DTXCID1016238|EQUALINE extra strength antacid|Goodsense Ultra Strength Antacid|Guardian Regular Strength Alkums|LIMESTONE, GROUND [FCC]|Meijer Lime/Berry Antacid Chews|Meijer Wild Berry Antacid Chews|Sunmark Regular ",100.090,CCaO3,63.200,18.800,NULL,5,0,3,0,"InChI=1S/CH2O3.Ca/c2-1(3)4;/h(H2,2,3,4);/q;+2/p-2",C(=O)([O-])[O-].[Ca+2],C(=O)([O-])[O-].[Ca+2],VTYYLEPIZMXCLO-UHFFFAOYSA-L,calcium;carbonate,99.9473,99.9473,0,2,0,0,0,0,0,0,0,105363,1058,626,2D,Calcium Carbonate,Agrochemical Information|Biological Test Results|Chemical and Physical Properties|Classification|Drug and Medication Information|Food Additives and Ingredients|Identification|Literature|Patents|Pharmacology and Biochemistry|Safety and Hazards|Toxicity|Use and Manufacturing,16,1259407|1259409,20040916,"001Chemical|3B Scientific (Wuhan) Corp|3WAY PHARM INC|A2B Chem|AA BLOCKS|Aaron Chemicals LLC|ABBLIS Chemicals|abcr GmbH|ABI Chem|Acadechem|Achemica|AK Scientific, Inc. (AKSCI)|AKos Consulting & Solutions|Alfa Chemistry|Ambeed|AN PharmaTech|Angene Chemical|Aurora Fine Chemicals LLC|BenchChem|Bic Biotech|BioCyc|BLD Pharm|BOC Sciences|Boronpharm|Career Henan Chemical Co|CD Formulation|Changzhou Highassay Chemical Co., Ltd|ChEBI|Chem-Space.com Database|Chembase.cn|ChEMBL|Chemenu Inc.|ChemExper Chemical Directory|Chemical Carcinogenesis Research Information System (CCRIS)|ChemIDplus|ChemMol|ChemSpider|ChemTik|Clearsynth|Collaborative Drug Discovery, Inc.|Combi-Blocks|Comparative Toxicogenomics Database (CTD)|Cooke Chemical Co., Ltd|Crystallography Open Database (COD)|CymitQuimica|DC Chemicals|DiscoveryGate|DrugBank|Egon Willighagen (Dept. of Bioinformatics - BiGCaT, Maastricht University)|eNovation Chemicals|EPA DSSTox|EPA Substance Registry Services|FDA Global Substance Registration System (GSRS)|Finetech Industry Limited|Fisher Chemical|Glentham Life Sciences Ltd.|Google Patents|Human Metabolome Database (HMDB)|iChemical Technology USA Inc|ISpharm|J&H Chemical Co.,ltd|Japan Chemical Substance Dictionary (Nikkaji)|KEGG|King Scientific|LeadScope|LEAPCHEM|Metabolomics Workbench|MolCore BioPharmatech|MolPort|MP Biomedicals|MuseChem|NextBio|NextMove Software|NORMAN Suspect List Exchange|NovoSeek|Oakwood Products|Parchem|PATENTSCOPE (WIPO)|Phion Ltd|Probes & Drugs portal|PubChem Reference Collection|RR Scientific|Santa Cruz Biotechnology, Inc.|Sigma-Aldrich|Sinfoo Biotech|Smolecule|Springer Nature|Starshine Chemical|Strem Chemicals, Inc.|SureChEMBL|TargetMol|THE BioTek|Thermo Fisher Scientific|Thieme Chemistry|Thomson Pharma|Thoreauchem|ToxPlanet|Tractus|VladaChem|VWR, Part of Avantor|Wikidata|Wiley|Wubei-Biochem|Wutech|Yick-Vic Chemicals & Pharmaceuticals (HK) Ltd.",Chemical Vendors|Curation Efforts|Governmental Organizations|Journal Publishers|Legacy Depositors|NIH Initiatives|Research and Development|Subscription Services,A - Alimentary tract and metabolism > A02 - Drugs for acid related disorders > A02A - Antacids > A02AC - Calcium compounds|A - Alimentary tract and metabolism > A12 - Mineral supplements > A12A - Calcium > A12AA - Calcium|D005765 - Gastrointestinal Agents > D000863 - Antacids
6328660,Aluminum hydroxide hydrate,"1330-44-5|Aluminum hydroxide hydrate|aluminum;trihydroxide;hydrate|Aluminum hydroxide (Al(OH)3), hydrate (8CI,9CI)|Algeldrate [USAN:INN]|Algeldrat|Derma gran (TN)|trihydroxyaluminum hydrate|Algeldrate (USAN/INN)|CHEMBL3833310|AKOS040750318|Aluminum hydroxide hydrate, powder, <45 mum|D02807",99.040,AlH8O4,4.000,3.200,NULL,5,4,4,0,InChI=1S/Al.4H2O/h;4*1H2,O.O.O.O.[Al],O.O.O.O.[Al],YVKMMZAFUFUAAX-UHFFFAOYSA-N,NULL,99.0238,99.0238,0,5,0,0,0,0,0,0,0,4034,0,0,2D,NULL,Classification|Literature,2,NULL,20050808,"1st Scientific|3B Scientific (Wuhan) Corp|A2B Chem|AA BLOCKS|AK Scientific, Inc. (AKSCI)|AKos Consulting & Solutions|Alfa Chemistry|Aurora Fine Chemicals LLC|BenchChem|BOC Sciences|Chembase.cn|ChEMBL|ChemIDplus|ChemSpider|CymitQuimica|eNovation Chemicals|Google Patents|J&H Chemical Co.,ltd|KEGG|MP Biomedicals|MuseChem|NextBio|RR Scientific|Sigma-Aldrich|Smolecule|Springer Nature|THE BioTek|ToxPlanet",Chemical Vendors|Curation Efforts|Governmental Organizations|Journal Publishers|Legacy Depositors|Research and Development|Subscription Services,C29629 - Combination Medication > C29633 - Antacid Preparation|D005765 - Gastrointestinal Agents > D000863 - Antacids|D007155 - Immunologic Factors
71312620,Unii-C2E1CI501T,"C2E1CI501T|UNII-C2E1CI501T|Magnesium trisilicate [USAN:USP]|Magnesium silicate hydrate (Mg2Si3O8.xH2O)|Silicic acid (H4Si3O8), magnesium salt (1:2), hydrate|Silicic acid (H4-Si3-O8), magnesium salt (1:2), hydrate|MAGNESIUM SILICATE [JAN]|MAGNESIUM TRISILICATE [INCI]|MAGNESIUM TRISILICATE [VANDF]|Magnesium trisilicate hydrate [WHO-DD]|MAGNESIUM TRISILICATE [ORANGE BOOK]|Magnesium trisilicate hydrate, tested according to Ph.Eur.",278.880,H2Mg2O9Si3,146.000,141.000,NULL,14,1,9,2,"InChI=1S/2Mg.O8Si3.H2O/c;;1-9(2)7-11(5,6)8-10(3)4;/h;;;1H2/q2*+2;-4;",O.[O-][Si](=O)O[Si]([O-])([O-])O[Si](=O)[O-].[Mg+2].[Mg+2],O.[O-][Si](=O)O[Si]([O-])([O-])O[Si](=O)[O-].[Mg+2].[Mg+2],FSBVERYRVPGNGG-UHFFFAOYSA-N,dimagnesium;dioxido-bis[[oxido(oxo)silyl]oxy]silane;hydrate,277.871,277.871,0,4,0,0,0,0,0,0,0,332,0,0,2D,NULL,Classification|Literature|Pharmacology and Biochemistry,4,NULL,20130517,"AK Scientific, Inc. (AKSCI)|Aurora Fine Chemicals LLC|Chembase.cn|ChemIDplus|FDA Global Substance Registration System (GSRS)|Sigma-Aldrich|Starshine Chemical",Chemical Vendors|Curation Efforts|Governmental Organizations|Legacy Depositors|Research and Development,C29629 - Combination Medication > C29633 - Antacid Preparation|D005765 - Gastrointestinal Agents > D000863 - Antacids
13135,Bismuth citrate,"BISMUTH CITRATE|813-93-4|Bismuth(III) citrate|1,2,3-Propanetricarboxylic acid, 2-hydroxy-, bismuth(3+) salt (1:1)|N04867Y76N|Bismuth citrate [USP:USP]|Bi-citrate|UNII-N04867Y76N|EINECS 212-390-1|Bismuth citrate (USP)|EC 212-390-1|TEGOKAT 752|SCHEMBL41916|Bismuth, (citrato(3-))-|BISMUTH CITRATE [INCI]|citric acid bismuth(III) salt|BISMUTH CITRATE [MART.]|DTXSID6074330|BISMUTH CITRATE [USP-RS]|BISMUTH CITRATE [WHO-DD]|ANERHPOLUMFRDC-UHFFFAOYSA-K|CHEBI:157700|AKOS015839589|BISMUTH CITRATE [USP MONOGRAPH]|D08875|bismuth(3+) 2-hydroxypropane-1,2,3-tricarboxylate|2-hydroxy-1,2,3-propanetricarboxylic acid bismuth salt|1,2,3-Propanetricarboxylic acid, 2-hydroxy-, bismuth (3+) salt (1:1)",398.080,C6H5BiO7,141.000,211.000,NULL,14,1,7,2,"InChI=1S/C6H8O7.Bi/c7-3(8)1-6(13,5(11)12)2-4(9)10;/h13H,1-2H2,(H,7,8)(H,9,10)(H,11,12);/q;+3/p-3",C(C(=O)[O-])C(CC(=O)[O-])(C(=O)[O-])O.[Bi+3],C(C(=O)[O-])C(CC(=O)[O-])(C(=O)[O-])O.[Bi+3],ANERHPOLUMFRDC-UHFFFAOYSA-K,"bismuth;2-hydroxypropane-1,2,3-tricarboxylate",397.984,397.984,0,2,0,0,0,0,0,0,0,821,7394,3449,2D,NULL,Chemical and Physical Properties|Classification|Food Additives and Ingredients|Literature|Patents|Pharmacology and Biochemistry|Safety and Hazards|Use and Manufacturing,9,NULL,20050808,"3WAY PHARM INC|ABI Chem|Acadechem|AK Scientific, Inc. (AKSCI)|AKos Consulting & Solutions|Alichem|Ambinter|AN PharmaTech|Angene Chemical|ChEBI|Chembase.cn|ChemIDplus|ChemMol|ChemSpider|ChemTik|Clearsynth|Collaborative Drug Discovery, Inc.|Cooke Chemical Co., Ltd|CymitQuimica|DiscoveryGate|eNovation Chemicals|EPA DSSTox|EPA Substance Registry Services|FDA Global Substance Registration System (GSRS)|Google Patents|Hairui Chemical|iChemical Technology USA Inc|ISpharm|J&H Chemical Co.,ltd|Japan Chemical Substance Dictionary (Nikkaji)|KEGG|King Scientific|MolPort|MP Biomedicals|MuseChem|NextBio|NextMove Software|NORMAN Suspect List Exchange|NovoSeek|Parchem|RR Scientific|Santa Cruz Biotechnology, Inc.|SLING Consortium|SureChEMBL|Thermo Fisher Scientific|Thomson Pharma|ToxPlanet|Tractus|VladaChem|Wubei-Biochem|Yick-Vic Chemicals & Pharmaceuticals (HK) Ltd.|Yuhao Chemical",Chemical Vendors|Curation Efforts|Governmental Organizations|Journal Publishers|Legacy Depositors|Research and Development|Subscription Services,C78276 - Agent Affecting Digestive System or Metabolism > C266 - Antidiarrheal Agent|D000890 - Anti-Infective Agents|D005765 - Gastrointestinal Agents > D000863 - Antacids|D005765 - Gastrointestinal Agents > D000897 - Anti-Ulcer Agents
14792,Magnesium Oxide,"oxomagnesium|Magnesia|Granmag|Seawater magnesia|Magcal|Marmag|Magox|Heavy magnesium oxide|Calcined brucite|Calcined magnesia|Magnesia USTA|Magnesium oxide fume|Magnezu tlenek|Uro-Mag|Magnesium oxide, heavy|Magnesii oxidum|Magnesia oxydata|Light magnesium oxide|Magnesium oxide heavy|1317-74-4|Magnesium (as oxide)|Magnesium oxide, light|MFCD00011109|Magnesium oxide, -325 mesh|3A3U0GI71G|INS NO.530|Magnesia grooves|Periclase|INS-530|Causmag|Maglite|Seasorb|Animag|Oxymag|Heavy magnesia|Light magnesia|BayMag|Maglite de|Magnesa preprata|Akro-mag|E-530|Liquimag A|Liquimag B|Caustic magnesite|Maglite D|Maglite K|Maglite S|Maglite Y|Magnesia monoxide|Anscor P|Hamag LP|Magox OP|FloMag HP|Fert-O-Mag|Kyowamag 20|Kyowamag 30|Kyowamag 40|Kyowamag 60|Elastomag 100|Elastomag 170|FloMag HP-ER|Kyowamag 100|Kyowamag 150|Kyowamag 150B|Kyowaway 150|Kyowaad 100|Luvatol MK 35|Magchem 100|Magox 85|Magox 90|Magox 95|Magox 98|Mag Chem 10|Mag Chem 35|Heavy calcined magnesia|Mag Chem 200AD|KM 3 (oxide)|KMACH-F|Mag Chem 200D|FMR-PC|Magnesium oxide, p.a., 95.0%|HP 10 (oxide)|Magmilax bolus|100A (oxide)|Magnezu tlenek [Polish]|Mag Chem 10-40|AM 2 (cement additive)|Mag Chem 10-200|Mag Chem 10-325|Magnesium oxide substrate, 10x10x0.5mm, polished one side, 100 orientation|Magnesium oxide substrate, 10x10x0.5mm, polished one side, 110 orientation|Oxide, Magnesium|Periclase (MgO)|CCRIS 3659|Magnesium oxide, fume|HSDB 1652|SLO 369|SLO 469|KM 40|EINECS 215-171-9|KMB 100-200|Magnesium oxide [USP:JAN]|UNII-3A3U0GI71G|Magmitt|Maox|Calcined magnesite|Mag-Ox|MVT Bolus|Magmitt (TN)|INSTAMAG|Magnesioum oxime fume|Magnesium oxide, CP|RUMEN BOLUS|Magnesium oxide, 97%|Magnesium Oxide 400mg|Magnesium Oxide nanowire|Magnesium Oxide Dispersion|Magnesium Oxide Nanopowder|Magnesium oxide ACS Reagent|Nano Magnesium Oxide Powder|Magnesium oxide (JP17/USP)|Magnesium oxide, light, 95%|CHEMBL1200572|DTXCID6029624|CPLXHLVBOLITMK-UHFFFAOYSA-N|Magnesium Oxide Powder,  99% Nano|Magnesium oxide, ACS reagent, 97%|NSC761263|Magnesium Oxide Powder,>= 99% Nano|NSC-761263|USEPA/OPP Pesticide Code: 009235|CI 77711|E530|Magnesium Oxide (MgO) Sputtering Targets|Magnesium Oxide Single Crystal Substrates|Magnesium oxide, -10-+50 mesh, 98%|Magnesium oxide, Vetec(TM) reagent grade|Magnesium oxide, 99.995% (metals basis)|FT-0628095|Magnesium oxide, 99.99% trace metals basis|Magnesium oxide, SAJ first grade, >=96.0%|Magnesium oxide, SAJ first grade, >=98.0%|D01167|Magnesium oxide, >=99.99% trace metals basis|Magnesium oxide, 2 part ceramic adhesive paste|Magnesium oxide, SAJ special grade, >=99.0%|Magnesium oxide, fused, 150-325 mesh, >=95%|Q214769|Magnesium oxide, tested according to Ph.Eur., heavy|Magnesium oxide, >=99% trace metals basis, -325 mesh|Magnesium oxide, nanopowder, <50 nm particle size (BET)|Magnesium oxide, BioUltra, >=97.0% (calcined substance, KT)|Magnesia sticks, for pearl-tests, package of 100 magnesia sticks|Magnesia sticks, for pearl-tests, package of 25 magnesia sticks|Magnesium oxide, fused, chips, -4 mesh, 99.9% trace metals basis|Magnesium oxide substrate, 10x10x0.5mm, polished one side, 111 orientation|Magnesium oxide substrate, 10x10x1mm, polished one side, 100 orientation|Magnesium oxide substrate, 10x10x1mm, polished one side, 110 orientation|Magnesium oxide, puriss. p.a., >=98.0% (based on calcined substance, KT)|Magnesium oxide, purum, >=97.0% (based on calcined substance, KT), light|Magnesium oxide Crucible, Cylindrical, Flat Base, HtxOD (mm), 90x45, Vol (ml), 100|Magnesium Oxide Crucible, Cylindrical, Flat Base,OD (mm), 25,Height (mm), 25|Magnesium Oxide Crucible, Cylindrical, Flat Base,OD (mm), 32,Height (mm), 32|Magnesium Oxide Crucible, Cylindrical, Flat Base,OD (mm), 44,Height (mm), 44|Magnesium Oxide Rectangular Tray,Length (mm), 100,Width (mm), 25,Height (mm), 12.7|Magnesium oxide, puriss. p.a., ACS reagent, >=97% (calcined substance, KT)|Magnesium oxide, (single crystal substrate), <111>, >=99.9% trace metals basis, L x W x thickness 10 mm x 10 mm x 0.5 mm|Magnesium oxide, (single crystal substrate), >=99.9% trace metals basis, <100>, L x W x thickness 10 mm x 10 mm x 0.5 mm",40.305,MgO,17.100,2.000,NULL,2,0,1,0,InChI=1S/Mg.O,O=[Mg],O=[Mg],CPLXHLVBOLITMK-UHFFFAOYSA-N,oxomagnesium,39.98,39.98,0,1,0,0,0,0,0,0,0,45080,50,34,NULL,Magnesium Oxide,Biological Test Results|Chemical and Physical Properties|Classification|Drug and Medication Information|Literature|Patents|Pharmacology and Biochemistry|Safety and Hazards|Toxicity|Use and Manufacturing,13,1259407,20050327,"001Chemical|3B Scientific (Wuhan) Corp|3WAY PHARM INC|A2B Chem|AA BLOCKS|Aaron Chemicals LLC|ABBLIS Chemicals|abcr GmbH|ABI Chem|Aceschem Inc|AK Scientific, Inc. (AKSCI)|AKos Consulting & Solutions|Alfa Chemistry|Ambinter|AN PharmaTech|Angene Chemical|ApexBio Technology|AstaTech, Inc.|Aurora Fine Chemicals LLC|BenchChem|BioCrick|BLD Pharm|BOC Sciences|Broad Institute|CD Formulation|Chembase.cn|ChEMBL|ChemDB|Chemical Carcinogenesis Research Information System (CCRIS)|ChemIDplus|Chemieliva Pharmaceutical Co., Ltd|ChemMol|ChemSpider|ChemTik|Collaborative Drug Discovery, Inc.|Combi-Blocks|Comparative Toxicogenomics Database (CTD)|Cooke Chemical Co., Ltd|CSNpharm|CymitQuimica|DiscoveryGate|DrugCentral|DTP/NCI|Egon Willighagen (Dept. of Bioinformatics - BiGCaT, Maastricht University)|EPA DSSTox|EPA Substance Registry Services|Finetech Industry Limited|Fisher Chemical|Fisher Drug Discovery Resource Center|Glentham Life Sciences Ltd.|Google Patents|Hairui Chemical|Halochem|Human Metabolome Database (HMDB)|iChemical Technology USA Inc|ISpharm|J&H Chemical Co.,ltd|KEGG|King Scientific|LeadScope|MolCore BioPharmatech|MolPort|MP Biomedicals|MuseChem|NextBio|NextMove Software|NIST Chemistry WebBook|NORMAN Suspect List Exchange|NovoSeek|Oakwood Products|Parchem|PATENTSCOPE (WIPO)|Probes & Drugs portal|PubChem Reference Collection|RR Scientific|Santa Cruz Biotechnology, Inc.|SCRIPDB|Sigma-Aldrich|Smolecule|Southern Research Institute|Springer Nature|Starshine Chemical|THE BioTek|Thermo Fisher Scientific|Thieme Chemistry|Thomson Pharma|ToxPlanet|VladaChem|VWR, Part of Avantor|Wikidata|xPharm: The Comprehensive Pharmacology Reference|Yick-Vic Chemicals & Pharmaceuticals (HK) Ltd.",Chemical Vendors|Curation Efforts|Governmental Organizations|Journal Publishers|Legacy Depositors|NIH Initiatives|Research and Development|Subscription Services,C78276 - Agent Affecting Digestive System or Metabolism > C29697 - Laxative|D005765 - Gastrointestinal Agents > D000863 - Antacids
61745,Magnesium peroxide,"Magnesium peroxide|Magnesium dioxide|Peromag|14452-57-4|magnesium;peroxide|Magnesium perhydrol|Magnesiumperoxide|Drillox M|Magnesium superoxol|1335-26-8|UNII-X8YVJ0TN96|X8YVJ0TN96|Magnesium peroxide (Mg(O2))|HSDB 7986|EINECS 238-438-1|Ektomor|Magnesiumperoxyd|DTXSID9049667|DTXSID201014606|MAGNESIUM PEROXIDE (MART.)|MAGNESIUM PEROXIDE, (SOLID)|EINECS 215-627-7|UN1476|MAGNESIUM PEROXIDE (EP MONOGRAPH)|Magnesium peroxide [UN1476]  [Oxidizer]",56.304,MgO2,46.100,2.800,NULL,3,0,2,0,InChI=1S/Mg.O2/c;1-2/q+2;-2,[O-][O-].[Mg+2],[O-][O-].[Mg+2],SPAGIJMPHSUYSE-UHFFFAOYSA-N,magnesium;peroxide,55.9749,55.9749,0,2,0,0,0,0,0,0,0,236,0,0,NULL,NULL,Chemical and Physical Properties|Classification|Drug and Medication Information|Literature|Patents|Pharmacology and Biochemistry|Safety and Hazards|Toxicity|Use and Manufacturing,10,NULL,20050808,"A2B Chem|AA BLOCKS|Ambinter|BenchChem|Changzhou Highassay Chemical Co., Ltd|ChemIDplus|Chemieliva Pharmaceutical Co., Ltd|ChemSpider|CymitQuimica|DrugCentral|EPA DSSTox|iChemical Technology USA Inc|MuseChem|NextBio|PATENTSCOPE (WIPO)|Probes & Drugs portal|PubChem Reference Collection|RR Scientific|Smolecule|Springer Nature|THE BioTek|Yick-Vic Chemicals & Pharmaceuticals (HK) Ltd.",Chemical Vendors|Curation Efforts|Governmental Organizations|Journal Publishers|Legacy Depositors|Research and Development|Subscription Services,A - Alimentary tract and metabolism > A02 - Drugs for acid related disorders > A02A - Antacids > A02AA - Magnesium compounds|A - Alimentary tract and metabolism > A06 - Drugs for constipation > A06A - Drugs for constipation > A06AD - Osmotically acting laxatives|D009676 - Noxae > D016877 - Oxidants > D010545 - Peroxides
122179,Dimephosphon,"dimephosphon|14394-26-4|136CQC28US|Dimethyl (1,1-dimethyl-3-oxobutyl)phosphonate|UNII-136CQC28US|(1,1-Dimethyl-3-oxobutyl)phosphonic acid dimethyl ester|DIMEPHOSPHONE|4-dimethoxyphosphoryl-4-methylpentan-2-one|DIMEPHOSPHONE [WHO-DD]|SCHEMBL8350477|DTXSID20162578|Phosphonic acid, (1,1-dimethyl-3-oxobutyl)-, dimethyl ester|2-dimethoxyphosphoryl-2-methylpentan-4-one|DIMETHYLOXOBUTHYLPHOSPHONILMETHYLATE [WHO-DD]|Q27251486",208.190,C8H17O4P,52.600,226.000,-0.300,13,0,4,5,"InChI=1S/C8H17O4P/c1-7(9)6-8(2,3)13(10,11-4)12-5/h6H2,1-5H3",CC(=O)CC(C)(C)P(=O)(OC)OC,CC(=O)CC(C)(C)P(=O)(OC)OC,MOMJYWJXUNIBGJ-UHFFFAOYSA-N,4-dimethoxyphosphoryl-4-methylpentan-2-one,208.086,208.086,0,1,0,0,0,0,0,0,0,71,120,71,2D+3D,NULL,Classification|Literature|Patents|Pharmacology and Biochemistry,4,NULL,20050808,"AAA Chemistry|ABI Chem|Alfa Chemistry|ChemIDplus|Chemieliva Pharmaceutical Co., Ltd|ChemSpider|ChemTik|DiscoveryGate|Egon Willighagen (Dept. of Bioinformatics - BiGCaT, Maastricht University)|EPA DSSTox|FDA Global Substance Registration System (GSRS)|Google Patents|IBM|Japan Chemical Substance Dictionary (Nikkaji)|LeadScope|MuseChem|NextBio|NovoSeek|PATENTSCOPE (WIPO)|RR Scientific|Springer Nature|SureChEMBL|THE BioTek|Thomson Pharma|ToxPlanet|Wikidata",Chemical Vendors|Curation Efforts|Governmental Organizations|Journal Publishers|Legacy Depositors|Research and Development|Subscription Services,D000893 - Anti-Inflammatory Agents|D002317 - Cardiovascular Agents > D014665 - Vasodilator Agents|D002491 - Central Nervous System Agents > D000700 - Analgesics|D005765 - Gastrointestinal Agents > D000863 - Antacids|D005765 - Gastrointestinal Agents > D000897 - Anti-Ulcer Agents|D007155 - Immunologic Factors|D018373 - Peripheral Nervous System Agents > D001337 - Autonomic Agents|D018373 - Peripheral Nervous System Agents > D018689 - Sensory System Agents|D018501 - Antirheumatic Agents|D019141 - Respiratory System Agents > D018927 - Anti-Asthmatic Agents > D001993 - Bronchodilator Agents|D020011 - Protective Agents > D000931 - Antidotes|D020011 - Protective Agents > D000975 - Antioxidants
170190,Aluminum magnesium hydroxide,Aluminum magnesium hydroxide|39366-43-3|EINECS 254-430-0|aluminum;magnesium;pentahydroxide|DTXSID8068175,136.320,AlH5MgO5,5.000,0.000,NULL,7,5,5,0,InChI=1S/Al.Mg.5H2O/h;;5*1H2/q+3;+2;;;;;/p-5,[OH-].[OH-].[OH-].[OH-].[OH-].[Mg+2].[Al+3],[OH-].[OH-].[OH-].[OH-].[OH-].[Mg+2].[Al+3],RJZNFXWQRHAVBP-UHFFFAOYSA-I,aluminum;magnesium;pentahydroxide,135.98,135.98,0,7,0,0,0,0,0,0,0,208,37693,18100,2D,NULL,Classification|Literature|Patents|Pharmacology and Biochemistry|Use and Manufacturing,5,NULL,20050808,"AAA Chemistry|ABI Chem|Alfa Chemistry|BOC Sciences|ChemIDplus|ChemMol|ChemSpider|DiscoveryGate|EPA DSSTox|EPA Substance Registry Services|Google Patents|J&H Chemical Co.,ltd|NextBio|NORMAN Suspect List Exchange|NovoSeek|RR Scientific|THE BioTek|ToxPlanet",Chemical Vendors|Curation Efforts|Governmental Organizations|Legacy Depositors|Research and Development|Subscription Services,D005765 - Gastrointestinal Agents > D000863 - Antacids
5311266,Magnesium trisilicate,"Magnesium trisilicate|14987-04-3|Magnesii trisilicas|FML8G1U0Y3|Magnesium trisilicate anhydrous|Magnesium silicate (Mg2Si3O8)|DTXSID50904706|dimagnesium;dioxido-bis[[oxido(oxo)silyl]oxy]silane|Magnesium silicates magnesium trisilicate|SILICIC ACID (H4SI3O8), MAGNESIUM SALT (1:2)|Magnesio trisilicato|di-Magnesium trisilicate|VIRUS BLOCKER CL-40|CHEMBL2096633|DTXCID101333811|BCP22335|MFCD00016203|AKOS015904142|MAGNESIUM TRISILICATE [WHO-DD]|DB09281|MAGNESIUM TRISILICATE ANHYDROUS [HSDB]|Q836952|MAGNESIUM SILICATES MAGNESIUM TRISILICATE [MI]",260.860,Mg2O8Si3,145.000,141.000,NULL,13,0,8,2,"InChI=1S/2Mg.O8Si3/c;;1-9(2)7-11(5,6)8-10(3)4/q2*+2;-4",[O-][Si](=O)O[Si]([O-])([O-])O[Si](=O)[O-].[Mg+2].[Mg+2],[O-][Si](=O)O[Si]([O-])([O-])O[Si](=O)[O-].[Mg+2].[Mg+2],GXGAKHNRMVGRPK-UHFFFAOYSA-N,dimagnesium;dioxido-bis[[oxido(oxo)silyl]oxy]silane,259.86,259.86,0,3,0,0,0,0,0,0,0,336,0,0,2D,NULL,Chemical and Physical Properties|Classification|Drug and Medication Information|Literature|Pharmacology and Biochemistry|Safety and Hazards|Toxicity|Use and Manufacturing,10,NULL,20051216,"3B Scientific (Wuhan) Corp|3WAY PHARM INC|A2B Chem|AA BLOCKS|Aaron Chemicals LLC|abcr GmbH|ABI Chem|AKos Consulting & Solutions|Alfa Chemistry|Ambinter|AN PharmaTech|Angene Chemical|BenchChem|BioChemPartner|BOC Sciences|Chembase.cn|ChEMBL|ChemMol|ChemSpider|Combi-Blocks|Cooke Chemical Co., Ltd|CymitQuimica|DiscoveryGate|DrugBank|Egon Willighagen (Dept. of Bioinformatics - BiGCaT, Maastricht University)|eNovation Chemicals|EPA DSSTox|FDA Global Substance Registration System (GSRS)|iChemical Technology USA Inc|ISpharm|King Scientific|MolPort|MP Biomedicals|NextBio|Probes & Drugs portal|PubChem Reference Collection|RR Scientific|Santa Cruz Biotechnology, Inc.|Smolecule|THE BioTek|Wikidata|xPharm: The Comprehensive Pharmacology Reference|Yick-Vic Chemicals & Pharmaceuticals (HK) Ltd.",Chemical Vendors|Curation Efforts|Governmental Organizations|Journal Publishers|Legacy Depositors|Research and Development|Subscription Services,D005765 - Gastrointestinal Agents > D000863 - Antacids
6328211,Tricreamalate,"Dialume|Trihydroxyaluminum|Aluminum trihydroxide|Gibbsite (Al(OH)3)|14762-49-3|MFCD00003420|CHEBI:33130|Tricreamalate|Amphojel|Trisogel|Alugel|Di-Gel Liquid|Alumina, tabular|Alumina, calcined|aluminum;trihydrate|Dialume (TN)|ALterna GEL (TN)|Ground ATH, 9 mum|Aluminum hydroxide, CP|Coarse ATH, 90 mum|Ground ATH, 11 mum|Ground ATH, 15 mum|Ground ATH, 19 mum|Aluminum hydroxide (USP)|Ground ATH, 3.6 mum|Aluminum Hydroxide Adjuvant|Aluminum hydroxide, 76.5%|Aluminum hydroxide, dried gel|Coarse ground ATH, 25 mum|Dried Aluminium Hydroxide Gel|Aluminium Hydroxide Nanopowder|CHEMBL1200706|Aluminum hydroxide, reagent grade|Aluminum oxide (Al2O3), hydrate|BCP04783|HY-B1521|s4826|Dried aluminum hydroxide gel (JP17)|AKOS040740695|Aluminum hydroxide, puriss., 76.5%|CCG-266013|Ground ATH, Low Viscosity Grade, 20 mum|Ground ATH, Low Viscosity Grade, 22 mum|Aluminium trihydroxide, Ground ATH, 4 mum|Aluminium trihydroxide, Ground ATH, 6 mum|Aluminum hydroxide Gel, colloidal suspension|Aluminium trihydroxide, Ground ATH, 11 mum|Aluminium trihydroxide, Ground ATH, 14 mum|Aluminium trihydroxide, Ground ATH, 25 mum|Aluminum hydroxide, Vetec(TM) reagent grade|CS-0013311|Ground ATH, Low Viscosity Grade, 7.5 mum|Ground ATH,Viscosity Optimized Grade, 9 mum|Aluminium trihydroxide, Ground ATH, 8.5 mum|Aluminium trihydroxide, Unground ATH, 55 mum|Aluminium trihydroxide, Unground ATH, 95 mum|D02416|Ground ATH,Viscosity Optimized Grade, 11 mum|Ground ATH,Viscosity Optimized Grade, 15 mum|Ground and high whiteness Alumina Trihydrate (ATH), 10 mum|Ground and high whiteness Alumina Trihydrate (ATH), 14 mum|Ground and high whiteness Alumina Trihydrate (ATH), 20 mum|Ground and high whiteness Alumina Trihydrate (ATH), 6 mum|Aluminum oxide hydrated, technical, >=64% Al2O3 basis, powder|Unground and high whiteness Alumina Trihydrate (ATH), 75 mum|Dried Aluminum Hydroxide Gel, United States Pharmacopeia (USP) Reference Standard",81.028,AlH6O3,3.000,3.200,NULL,4,3,3,0,InChI=1S/Al.3H2O/h;3*1H2,O.O.O.[Al],O.O.O.[Al],MXRIRQGCELJRSN-UHFFFAOYSA-N,NULL,81.0132,81.0132,0,4,0,0,0,0,0,0,0,22095,45,27,2D,Aluminum Hydroxide,Chemical and Physical Properties|Classification|Drug and Medication Information|Literature|Patents|Pharmacology and Biochemistry|Safety and Hazards|Toxicity|Use and Manufacturing,11,NULL,20050326,"3B Scientific (Wuhan) Corp|3WAY PHARM INC|A2B Chem|AA BLOCKS|Aaron Chemicals LLC|AbaChemScene|abcr GmbH|AK Scientific, Inc. (AKSCI)|AKos Consulting & Solutions|Alfa Chemistry|Ambinter|Aurora Fine Chemicals LLC|BenchChem|BioChemPartner|CD Formulation|Center for Chemical Genomics, University of Michigan|Changzhou Highassay Chemical Co., Ltd|ChEBI|Chembase.cn|ChEMBL|ChemDB|ChemIDplus|Chemieliva Pharmaceutical Co., Ltd|ChemMol|ChemSpider|Combi-Blocks|CymitQuimica|DrugCentral|DTP/NCI|EPA DSSTox|EPA Substance Registry Services|Glentham Life Sciences Ltd.|iChemical Technology USA Inc|J&H Chemical Co.,ltd|KEGG|LeadScope|MedChemexpress MCE|MolPort|MuseChem|NextBio|NORMAN Suspect List Exchange|Parchem|PATENTSCOPE (WIPO)|Phion Ltd|Probes & Drugs portal|RR Scientific|SCRIPDB|Selleck Chemicals|Sigma-Aldrich|Smolecule|Springer Nature|Strem Chemicals, Inc.|TargetMol|THE BioTek|Thieme Chemistry|Thomson Pharma|ToxPlanet|University of Kansas High Throughput Screening Laboratory|VladaChem|VWR, Part of Avantor|Wiley|Wolves R&D chemical|Yick-Vic Chemicals & Pharmaceuticals (HK) Ltd.",Chemical Vendors|Curation Efforts|Governmental Organizations|Journal Publishers|Legacy Depositors|Research and Development|Subscription Services,C2140 - Adjuvant|C308 - Immunotherapeutic Agent > C210 - Immunoadjuvant > C2554 - Vaccine Adjuvant|D005765 - Gastrointestinal Agents > D000863 - Antacids|D007155 - Immunologic Factors
6335494,Mylanta,"Alucol|Dimalan|Dioval|Ditopax|Mylanta|Antasil|Merasyn|Siloxforte|Siloxogene|Digene|Exocid|Simeco|37317-08-1|Novalucol|Maaloxan|Maaloxon|Supralox|Mylanta II|Maalox TC|Gelcocaine|Neogelco|Riopone|Delcid|Digex|Winton|Maalox-Plus|Antacid MPS|Gelusil MPS|Diovol EX|Coalgel 60|Regla pH (liquid)|Maalox 70|aluminum hydroxide - magnesium hydroxide|Aluminum hydroxide (Al(OH)3), mixt. with magnesium hydroxide (Mg(OH)2)|aluminum hydroxide, magnesium hydroxide, simethicone drug combination|Aluminum hydroxide, mixt. with magnesium hydroxide|aluminum hydroxide, magnesium hydroxide, drug combination|Magnesium hydroxide (Mg(OH)2), mixt. with aluminum hydroxide (Al(OH)3)|Aluminum hydroxide (Al(OH)3), mixt. with magnesium hydroxide (Mg(OH)2) and simethicone|39322-42-4|Aluminum hydroxide - magnesium hydroxide mixt.",139.350,AlH8MgO5,5.000,6.000,NULL,7,5,5,0,InChI=1S/Al.Mg.5H2O/h;;5*1H2/q;+2;;;;;/p-2,O.O.O.[OH-].[OH-].[Mg+2].[Al],O.O.O.[OH-].[OH-].[Mg+2].[Al],ADKOXSOCTOWDOP-UHFFFAOYSA-L,NULL,139.004,139.004,0,7,0,0,0,0,0,0,0,211,0,0,2D,NULL,Classification|Literature|Pharmacology and Biochemistry,4,NULL,20050808,"BenchChem|ChemIDplus|ChemSpider|Comparative Toxicogenomics Database (CTD)|J&H Chemical Co.,ltd|LeadScope|NextBio|RR Scientific|Starshine Chemical|THE BioTek|ToxPlanet",Chemical Vendors|Curation Efforts|Governmental Organizations|Legacy Depositors|Research and Development|Subscription Services,D005765 - Gastrointestinal Agents > D000863 - Antacids
6336690,Gaviscon,"Gaviscon|66220-44-8|Gastrocote|Quigel|Alginic acid compound|AAC (combination)|FOAMCOAT|FOAMICON|alginate, aluminium hydroxide, magnesium trisilicate, sodium bicarbonate drug combination|Alginic acid, mixt. with aluminum hydroxide, silicic acid (H4Si3O8) magnesium salt (1:2) and sodium hydrogen carbonate|ALUMINUM HYDROXIDE AND MAGNESIUM TRISILICATE",230.400,CH4AlMgNaO7Si,64.400,24.800,NULL,12,4,7,0,"InChI=1S/CH2O3.Al.Mg.Na.3H2O.O.Si/c2-1(3)4;;;;;;;;/h(H2,2,3,4);;;;3*1H2;;/q;+3;+2;+1;;;;-2;/p-4",C(=O)(O)[O-].[OH-].[OH-].[OH-].[O-2].[Na+].[Mg+2].[Al+3].[Si],C(=O)(O)[O-].[OH-].[OH-].[OH-].[O-2].[Na+].[Mg+2].[Al+3].[Si],LCWAOCHOPBSGMU-UHFFFAOYSA-J,NULL,229.929,229.929,0,9,0,0,0,0,0,0,0,117,660,156,NULL,NULL,Classification|Drug and Medication Information|Literature|Patents|Pharmacology and Biochemistry|Use and Manufacturing,7,NULL,20050808,"ABI Chem|BenchChem|ChemIDplus|ChemSpider|Collaborative Drug Discovery, Inc.|Comparative Toxicogenomics Database (CTD)|Google Patents|LeadScope|NextBio|NovoSeek|RR Scientific|Smolecule|THE BioTek|ToxPlanet",Chemical Vendors|Curation Efforts|Governmental Organizations|Legacy Depositors|Research and Development|Subscription Services,D005765 - Gastrointestinal Agents > D000863 - Antacids|D019995 - Laboratory Chemicals > D002021 - Buffers > D001639 - Bicarbonates
21584777,Aluminium acetoacetate,"Aluminium acetoacetate|Alumichelate AW|UNII-5W12C1HF5I|Aluminum acetoacetate|5W12C1HF5I|Aluminum, tris(3-oxobutanoato-O1,O3)-|19022-77-6|aluminum;3-oxobutanoate|CHEMBL3707335|CHEBI:138819|DTXSID101046157|ALUMINIUM ACETOACETATE [WHO-DD]|DB13280|C17688|Q26979",330.220,C12H15AlO9,172.000,89.600,NULL,22,0,9,3,"InChI=1S/3C4H6O3.Al/c3*1-3(5)2-4(6)7;/h3*2H2,1H3,(H,6,7);/q;;;+3/p-3",CC(=O)CC(=O)[O-].CC(=O)CC(=O)[O-].CC(=O)CC(=O)[O-].[Al+3],CC(=O)CC(=O)[O-].CC(=O)CC(=O)[O-].CC(=O)CC(=O)[O-].[Al+3],DEVXQDKRGJCZMV-UHFFFAOYSA-K,aluminum;3-oxobutanoate,330.053,330.053,0,4,0,0,0,0,0,0,0,0,2662,1667,2D,NULL,Classification|Patents|Pharmacology and Biochemistry|Safety and Hazards|Toxicity|Use and Manufacturing,7,NULL,20071205,"BenchChem|ChEBI|ChEMBL|ChemIDplus|ChemSpider|DiscoveryGate|DrugBank|Egon Willighagen (Dept. of Bioinformatics - BiGCaT, Maastricht University)|EPA DSSTox|FDA Global Substance Registration System (GSRS)|Google Patents|Japan Chemical Substance Dictionary (Nikkaji)|KEGG|Probes & Drugs portal|Starshine Chemical|THE BioTek|ToxPlanet|Wikidata",Chemical Vendors|Curation Efforts|Governmental Organizations|Legacy Depositors|Research and Development|Subscription Services,A - Alimentary tract and metabolism > A02 - Drugs for acid related disorders > A02A - Antacids > A02AB - Aluminium compounds
72941505,Aloglutamol,"Aloglutamol|Tasto|13755-41-4|Trometamolgluconate aluminum|UNII-I670EI8M2N|I670EI8M2N|Tris(hydroxymethyl)aminomethanegluconate dihydroxyaluminate|aluminum;2-amino-2-(hydroxymethyl)propane-1,3-diol;(2R,3S,4R,5R)-2,3,4,5,6-pentahydroxyhexanoate;dihydroxide|ALOGLUTAMOL [WHO-DD]|DTXSID601027584|Q4734171|DIHYDROXYALUMINUM GLUCONATE, TRIS(HYDROXYMETHYL)AMINOMETHANE (1:1)",377.280,C10H24AlNO12,230.000,219.000,NULL,24,11,13,7,"InChI=1S/C6H12O7.C4H11NO3.Al.2H2O/c7-1-2(8)3(9)4(10)5(11)6(12)13;5-4(1-6,2-7)3-8;;;/h2-5,7-11H,1H2,(H,12,13);6-8H,1-3,5H2;;2*1H2/q;;+3;;/p-3/t2-,3-,4+,5-;;;;/m1..../s1",C([C@H]([C@H]([C@@H]([C@H](C(=O)[O-])O)O)O)O)O.C(C(CO)(CO)N)O.[OH-].[OH-].[Al+3],C(C(C(C(C(C(=O)[O-])O)O)O)O)O.C(C(CO)(CO)N)O.[OH-].[OH-].[Al+3],GJJYZOBRHIMORS-GQOAHPRESA-K,"aluminum;2-amino-2-(hydroxymethyl)propane-1,3-diol;(2R,3S,4R,5R)-2,3,4,5,6-pentahydroxyhexanoate;dihydroxide",377.111,377.111,0,5,0,4,4,0,0,0,0,1,0,0,2D,NULL,Classification|Literature|Pharmacology and Biochemistry,3,NULL,20140302,"BenchChem|ChemIDplus|CymitQuimica|Egon Willighagen (Dept. of Bioinformatics - BiGCaT, Maastricht University)|EPA DSSTox|FDA Global Substance Registration System (GSRS)|MuseChem|Starshine Chemical|THE BioTek|ToxPlanet|Wikidata",Chemical Vendors|Curation Efforts|Governmental Organizations|Legacy Depositors|Research and Development|Subscription Services,A - Alimentary tract and metabolism > A02 - Drugs for acid related disorders > A02A - Antacids > A02AB - Aluminium compounds
86278699,Marax,"Marax|1H-Purine-2,6-dione, 3,7-dihydro-1,3-dimethyl-, mixt. with (R-(R*,S*))-alpha-(1-aminoethyl)benzenemethanol sulfate (2:1) (salt) and 2-(2-(4-((4-chlorophenyl)phenylmethyl)-1-piperazinyl)ethoxy)ethanol dihydrochloride|64095-02-9",1656.500,C74H102Cl6N14O14S,386.000,835.000,NULL,109,14,22,20,"InChI=1S/2C21H27ClN2O2.2C9H13NO.2C7H8N4O2.4ClH.H2O4S/c2*22-20-8-6-19(7-9-20)21(18-4-2-1-3-5-18)24-12-10-23(11-13-24)14-16-26-17-15-25;2*1-7(10)9(11)8-5-3-2-4-6-8;2*1-10-5-4(8-3-9-5)6(12)11(2)7(10)13;;;;;1-5(2,3)4/h2*1-9,21,25H,10-17H2;2*2-7,9,11H,10H2,1H3;2*3H,1-2H3,(H,8,9);4*1H;(H2,1,2,3,4)/t;;2*7-,9-;;;;;;;/m..00......./s1",C[C@@H]([C@@H](C1=CC=CC=C1)O)N.C[C@@H]([C@@H](C1=CC=CC=C1)O)N.CN1C2=C(C(=O)N(C1=O)C)NC=N2.CN1C2=C(C(=O)N(C1=O)C)NC=N2.C1CN(CCN1CCOCCO)C(C2=CC=CC=C2)C3=CC=C(C=C3)Cl.C1CN(CCN1CCOCCO)C(C2=CC=CC=C2)C3=CC=C(C=C3)Cl.OS(=O)(=O)O.Cl.Cl.Cl.Cl,CC(C(C1=CC=CC=C1)O)N.CC(C(C1=CC=CC=C1)O)N.CN1C2=C(C(=O)N(C1=O)C)NC=N2.CN1C2=C(C(=O)N(C1=O)C)NC=N2.C1CN(CCN1CCOCCO)C(C2=CC=CC=C2)C3=CC=C(C=C3)Cl.C1CN(CCN1CCOCCO)C(C2=CC=CC=C2)C3=CC=C(C=C3)Cl.OS(=O)(=O)O.Cl.Cl.Cl.Cl,KPLZEGKSFXSUDJ-PNJKRCBXSA-N,"(1R,2S)-2-amino-1-phenylpropan-1-ol;2-[2-[4-[(4-chlorophenyl)-phenylmethyl]piperazin-1-yl]ethoxy]ethanol;1,3-dimethyl-7H-purine-2,6-dione;sulfuric acid;tetrahydrochloride",1654.55,1652.56,0,11,0,6,4,2,0,0,0,55,0,0,2D,NULL,Classification|Literature|Pharmacology and Biochemistry,3,NULL,20141129,ChemIDplus|Starshine Chemical|ToxPlanet,Chemical Vendors|Curation Efforts|Governmental Organizations|Legacy Depositors|Research and Development|Subscription Services,D005765 - Gastrointestinal Agents > D000863 - Antacids
87082520,Gastrodenol,"Gastrodenol|57644-54-9|SCHEMBL237099|1,2,3-Propanetricarboxylic acid, 2-hydroxy-, bismuth(3+) potassium salt(2:1:3)",440.200,C6H8BiKO7,132.000,227.000,NULL,15,4,7,5,"InChI=1S/C6H8O7.Bi.K/c7-3(8)1-6(13,5(11)12)2-4(9)10;;/h13H,1-2H2,(H,7,8)(H,9,10)(H,11,12);;",C(C(=O)O)C(CC(=O)O)(C(=O)O)O.[K].[Bi],C(C(=O)O)C(CC(=O)O)(C(=O)O)O.[K].[Bi],ZBCVUEHBBZTSOB-UHFFFAOYSA-N,NULL,439.971,439.971,0,3,0,0,0,0,0,0,0,821,6,6,2D,NULL,Classification|Literature|Patents|Pharmacology and Biochemistry|Safety and Hazards,5,NULL,20150212,A2B Chem|AA BLOCKS|Aaron Chemicals LLC|Google Patents|SureChEMBL,Chemical Vendors|Curation Efforts|Research and Development,D000890 - Anti-Infective Agents|D005765 - Gastrointestinal Agents > D000863 - Antacids|D005765 - Gastrointestinal Agents > D000897 - Anti-Ulcer Agents
129677918,Aluminum phosphate dihydrate,aluminum phosphate dihydrate,157.980,AlH4O6P,46.800,106.000,NULL,8,2,6,0,"InChI=1S/Al.H3O4P.2H2O/c;1-5(2,3)4;;/h;(H3,1,2,3,4);2*1H2/q+3;;;/p-3",O.O.O=P12O[Al](O1)O2,O.O.O=P12O[Al](O1)O2,DTGSFBXKCAHSMF-UHFFFAOYSA-K,"2,4,5-trioxa-1lambda5-phospha-3-aluminabicyclo[1.1.1]pentane 1-oxide;dihydrate",157.956,157.956,0,3,0,0,0,0,0,0,0,340,0,0,2D,NULL,Classification|Literature|Patents|Pharmacology and Biochemistry,4,NULL,20170913,PATENTSCOPE (WIPO)|Springer Nature,Governmental Organizations|Journal Publishers,D005765 - Gastrointestinal Agents > D000863 - Antacids|D007155 - Immunologic Factors
131704329,Almasilate,"Megalac|ALMASILATE [INN]|ALMASILATE [MART.]|ALMASILATE [WHO-DD]|DB13595|MAGNESIUM ALUMINOSILICATE [JAN]|MAGNESIUM ALUMINOSILICATE (MGAL(SUB 2)SI(SUB 2)O(SUB 8)) HYDRATE|SILICIC ACID (H4SIO4), ALUMINUM MAGNESIUM SALT (2:2:1), HYDRATE",280.450,Al2H2MgO9Si2,186.000,19.100,NULL,14,1,9,0,"InChI=1S/2Al.Mg.2O4Si.H2O/c;;;2*1-5(2,3)4;/h;;;;;1H2/q2*+3;+2;2*-4;",O.[O-][Si]([O-])([O-])[O-].[O-][Si]([O-])([O-])[O-].[Mg+2].[Al+3].[Al+3],O.[O-][Si]([O-])([O-])[O-].[O-][Si]([O-])([O-])[O-].[Mg+2].[Al+3].[Al+3],XFKLULFTFNRQOX-UHFFFAOYSA-N,dialuminum;magnesium;disilicate;hydrate,279.872,279.872,0,6,0,0,0,0,0,0,0,293,0,0,2D,NULL,Classification|Drug and Medication Information|Literature|Pharmacology and Biochemistry|Toxicity,6,NULL,20171031,DrugBank|FDA Global Substance Registration System (GSRS),Curation Efforts|Governmental Organizations|Research and Development,C78276 - Agent Affecting Digestive System or Metabolism > C29701 - Anti-ulcer Agent|D005765 - Gastrointestinal Agents > D000863 - Antacids
131855398,CID 131855398,Gastrodenol|57644-54-9|s5866,710.520,C12H16BiK3O14,264.000,227.000,NULL,30,8,14,10,"InChI=1S/2C6H8O7.Bi.3K/c2*7-3(8)1-6(13,5(11)12)2-4(9)10;;;;/h2*13H,1-2H2,(H,7,8)(H,9,10)(H,11,12);;;;",C(C(=O)O)C(CC(=O)O)(C(=O)O)O.C(C(=O)O)C(CC(=O)O)(C(=O)O)O.[K].[K].[K].[Bi],C(C(=O)O)C(CC(=O)O)(C(=O)O)O.C(C(=O)O)C(CC(=O)O)(C(=O)O)O.[K].[K].[K].[Bi],YZDNOGWNXUPZCZ-UHFFFAOYSA-N,NULL,709.926,709.926,0,6,0,0,0,0,0,0,0,821,0,0,2D,NULL,Classification|Literature|Pharmacology and Biochemistry|Safety and Hazards,4,NULL,20171218,"Chemieliva Pharmaceutical Co., Ltd|Selleck Chemicals",Chemical Vendors|Legacy Depositors,D000890 - Anti-Infective Agents|D005765 - Gastrointestinal Agents > D000863 - Antacids|D005765 - Gastrointestinal Agents > D000897 - Anti-Ulcer Agents
11029,Magnesium Carbonate,"MAGNESIUM CARBONATE|546-93-0|Magnesite|13717-00-5|Carbonic acid, magnesium salt|Magnesium carbonate anhydrous|Magmaster|Carbonic acid, magnesium salt (1:1)|Carbonate magnesium|Magnesite dust|Caswell No. 530|Magnesite (Mg(CO3))|magnesium;carbonate|Hydromagnesite|Stan-mag magnesium carbonate|Magnesium carbonate (1:1)|Magnesium carbonate (MgCO3)|DCI light magnesium carbonate|HSDB 211|7757-69-9|Magnesiumkarbonat|Magnesium(II) carbonate (1:1)|C.I. 77713|EINECS 208-915-9|NSC 83511|EPA Pesticide Chemical Code 073503|CI 77713|MgCO3|UNII-0IHC698356|CHEBI:31793|AI3-00768|Light magnesium carbonate|Magnesium carbonate,light|Magnesium (as carbonate)|Magnesium Carbonate Light|Ins no.504(i)|Anhydrous magnesium carbonate|Ins-504(i)|Magnesium carbonate gold star|EC 208-915-9|MAGNESIUM CARBONATE, LIGHT AR|E-504(i)|NSC-83511|0IHC698356|Giobertite|Kimboshi|Apolda|Destab|Magfy|53678-75-4|GP 20 (carbonate)|MA 70 (carbonate)|Gold Star (carbonate)|Magnesium carbonate [USAN]|Australian magnesite|HEAVY MAGNESIUM CARBONATE|Magnesio carbonato|EINECS 231-817-2|MFCD00064632|Carbonic acid, magnesium salt (1:?)|Magnesium carbonicum 6|Humco Dewees Carminative|CHEMBL1200736|DTXSID4049660|Magnesium Carbonate Microparticles|ZLNQQNXFFQJAID-UHFFFAOYSA-L|CS-B1764|Magnesium, [carbonato(2-)-|EO]-|MAGNESIUM CARBONATE [WHO-DD]|AKOS015903527|DB09481|USEPA/OPP Pesticide Code: 073503|E504|ANHYDROUS MAGNESIUM CARBONATE [MART.]|FT-0774766|Q407931|Cyclopentanecarboxylic acid, 3-methyl-2-oxo-, methyl ester|695808-81-2",84.310,CMgO3,63.200,18.800,NULL,5,0,3,0,"InChI=1S/CH2O3.Mg/c2-1(3)4;/h(H2,2,3,4);/q;+2/p-2",C(=O)([O-])[O-].[Mg+2],C(=O)([O-])[O-].[Mg+2],ZLNQQNXFFQJAID-UHFFFAOYSA-L,magnesium;carbonate,83.9698,83.9698,0,2,0,0,0,0,0,0,0,12656,61,37,2D,NULL,Chemical and Physical Properties|Classification|Drug and Medication Information|Food Additives and Ingredients|Literature|Patents|Pharmacology and Biochemistry|Safety and Hazards|Toxicity|Use and Manufacturing,12,NULL,20050624,"001Chemical|3B Scientific (Wuhan) Corp|3WAY PHARM INC|A2B Chem|AA BLOCKS|AbaChemScene|abcr GmbH|ABI Chem|Acadechem|AHH Chemical co.,ltd|AK Scientific, Inc. (AKSCI)|AKos Consulting & Solutions|Alfa Chemistry|Ambeed|AN PharmaTech|Angene Chemical|Aurora Fine Chemicals LLC|BenchChem|BLD Pharm|BOC Sciences|CD Formulation|ChEBI|Chem-Space.com Database|Chembase.cn|ChEMBL|ChemExper Chemical Directory|ChemFish Tokyo Co., Ltd.|ChemIDplus|ChemMol|ChemSpider|ChemTik|Clearsynth|Collaborative Drug Discovery, Inc.|Combi-Blocks|Cooke Chemical Co., Ltd|CymitQuimica|DC Chemicals|DiscoveryGate|DrugBank|Egon Willighagen (Dept. of Bioinformatics - BiGCaT, Maastricht University)|EPA DSSTox|EPA Substance Registry Services|FDA Global Substance Registration System (GSRS)|Finetech Industry Limited|Fisher Chemical|Google Patents|Human Metabolome Database (HMDB)|Hunan Chemfish Pharmaceutical Co., Ltd.|iChemical Technology USA Inc|ISpharm|J&H Chemical Co.,ltd|Japan Chemical Substance Dictionary (Nikkaji)|KEGG|King Scientific|labseeker|LeadScope|MolCore BioPharmatech|MolPort|MuseChem|NextBio|NextMove Software|NORMAN Suspect List Exchange|NovoSeek|Parchem|PATENTSCOPE (WIPO)|Probes & Drugs portal|PubChem Reference Collection|RR Scientific|Santa Cruz Biotechnology, Inc.|Sinfoo Biotech|Smolecule|Springer Nature|Starshine Chemical|THE BioTek|Thermo Fisher Scientific|Thomson Pharma|ToxPlanet|Tractus|VWR, Part of Avantor|Wikidata|Wubei-Biochem|xPharm: The Comprehensive Pharmacology Reference|Yick-Vic Chemicals & Pharmaceuticals (HK) Ltd.",Chemical Vendors|Curation Efforts|Governmental Organizations|Journal Publishers|Legacy Depositors|Research and Development|Subscription Services,A - Alimentary tract and metabolism > A02 - Drugs for acid related disorders > A02A - Antacids > A02AA - Magnesium compounds|A - Alimentary tract and metabolism > A06 - Drugs for constipation > A06A - Drugs for constipation > A06AD - Osmotically acting laxatives|C78275 - Agent Affecting Blood or Body Fluid > C29730 - Electrolyte Replacement Agent|D009676 - Noxae > D016877 - Oxidants|D016877 - Oxidants > D057886 - Bleaching Agents|D058427 - Hygroscopic Agents
14791,Nemalite,"Nemalite|Magnesiamaito|magnesium;dihydroxide|BRUCITE|Di-Gel|Haley's MO|Kisuma S 4|Hydrofy G 1.0|CCRIS 6159|EINECS 215-274-9|Milmag (TN)|S/G 84|Mint-o-mag (TN)|Magnesium Hydroxide Nanopowder|Magnesia, (Milk of) (USP)|Magnesium hydroxide (JAN/USP)|CS-B1709|Magnesium hydroxide, BioXtra, >=95%|Magnesium hydroxide, reagent grade, 95%|Magnesium hydroxide, 95.00-100.50%|Magnesium hydroxide, Vetec(TM) reagent grade|D00731|Magnesium hydroxide, BioUltra, >=99.0% (KT)|Magnesium hydroxide, SAJ first grade, >=95.0%|Magnesium hydroxide, United States Pharmacopeia (USP) Reference Standard|Magnesium hydroxide, nanopowder, <100 nm particle size (laser PSA), 99.8% trace metals basis",58.320,H2MgO2,2.000,2.800,NULL,3,2,2,0,InChI=1S/Mg.2H2O/h;2*1H2/q+2;;/p-2,[OH-].[OH-].[Mg+2],[OH-].[OH-].[Mg+2],VTHJTEIRLNZDEV-UHFFFAOYSA-L,magnesium;dihydroxide,57.9905,57.9905,0,3,0,0,0,0,0,0,0,10396,43,32,2D,Magnesium Hydroxide,Biological Test Results|Classification|Literature|Patents|Pharmacology and Biochemistry,6,1259409|1259411,20050327,"3B Scientific (Wuhan) Corp|A2B Chem|AA BLOCKS|Aaron Chemicals LLC|AbaChemScene|abcr GmbH|AK Scientific, Inc. (AKSCI)|Alfa Chemistry|BenchChem|CD Formulation|Chembase.cn|ChemDB|Chemical Carcinogenesis Research Information System (CCRIS)|ChemIDplus|Chemieliva Pharmaceutical Co., Ltd|ChemSpider|Combi-Blocks|DrugCentral|ISpharm|J&H Chemical Co.,ltd|KEGG|LeadScope|MolPort|MP Biomedicals|NextBio|NIST Chemistry WebBook|PATENTSCOPE (WIPO)|Probes & Drugs portal|Santa Cruz Biotechnology, Inc.|SCRIPDB|Sigma-Aldrich|SMID|Smolecule|Springer Nature|THE BioTek|Thieme Chemistry|Thomson Pharma|ToxPlanet|xPharm: The Comprehensive Pharmacology Reference",Chemical Vendors|Curation Efforts|Governmental Organizations|Journal Publishers|Legacy Depositors|Research and Development|Subscription Services,C78276 - Agent Affecting Digestive System or Metabolism > C29697 - Laxative|D005765 - Gastrointestinal Agents > D000863 - Antacids
71749,Almagate,"LAS 3876|568Z59H7ZJ|aluminum;trimagnesium;carbonate;heptahydroxide;dihydrate|Magnesium, (carbonato(2-))heptahydroxy(aluminum)tri-, dihydrate|Aluminum magnesium carbonate hydroxide (AlMg3(CO3)(OH)7) dihydrate|Almagatum [INN-Latin]|Almagato [INN-Spanish]|Almagato|Almagatum|almagate dihydrate|Almax (TN)|ALMAGATE [USAN]|Almagate (USAN/INN)|ALMAGATE [INN]|ALMAGATE [MI]|ALMAGATE [MART.]|ALMAGATE [WHO-DD]|Almagate [USAN:INN:BAN]|UNII-568Z59H7ZJ|ALMAGATE [EP MONOGRAPH]|DTXSID30216935|D02821|Q4733653|ALUMINIUM MAGNESIUM CARBONATE HYDROXIDE (ALMG3(CO3)(OH)7) DIHYDRATE|MAGNESIUM, (CARBONATO(2-))HEPTAHYDROXY(ALUMINIUM)TRI-, DIHYDRATE|ALUMINIUM MAGNESIUM CARBONATE HYDROXIDE (ALMG3(CO3)(OH)7) HYDRATE (1:2)|ALUMINUM MAGNESIUM CARBONATE HYDROXIDE (ALMG3(CO3)(OH)7) HYDRATE (1:2)",314.990,CH11AlMg3O12,72.200,18.800,NULL,17,9,12,0,"InChI=1S/CH2O3.Al.3Mg.9H2O/c2-1(3)4;;;;;;;;;;;;;/h(H2,2,3,4);;;;;9*1H2/q;+3;3*+2;;;;;;;;;/p-9",C(=O)([O-])[O-].O.O.[OH-].[OH-].[OH-].[OH-].[OH-].[OH-].[OH-].[Mg+2].[Mg+2].[Mg+2].[Al+3],C(=O)([O-])[O-].O.O.[OH-].[OH-].[OH-].[OH-].[OH-].[OH-].[OH-].[Mg+2].[Mg+2].[Mg+2].[Al+3],MTEOMEWVDVPTNN-UHFFFAOYSA-E,aluminum;trimagnesium;carbonate;heptahydroxide;dihydrate,313.962,313.962,0,14,0,0,0,0,0,0,0,44,274,70,2D,NULL,Classification|Literature|Patents|Pharmacology and Biochemistry,4,NULL,20050808,"3WAY PHARM INC|AAA Chemistry|ABI Chem|AN PharmaTech|BenchChem|ChemIDplus|ChemMol|ChemSpider|DiscoveryGate|Egon Willighagen (Dept. of Bioinformatics - BiGCaT, Maastricht University)|EPA DSSTox|FDA Global Substance Registration System (GSRS)|Google Patents|Hunan Chemfish Pharmaceutical Co., Ltd.|iChemical Technology USA Inc|KEGG|LeadScope|NextBio|Smolecule|THE BioTek|Wikidata",Chemical Vendors|Curation Efforts|Governmental Organizations|Legacy Depositors|Research and Development|Subscription Services,C29629 - Combination Medication > C29633 - Antacid Preparation|D005765 - Gastrointestinal Agents > D000863 - Antacids
73981,Magnesium Hydroxide,"Milk of magnesia|Magnesium hydrate|Magnesia Magma|Magnesiumhydroxide|Magnesium(II) hydroxide|Phillips magnesia tablets|Magnesiumhydroxid|Magnesium (as hydroxide)|Magnesii hydroxidum|CHEBI:6637|INS NO.528|INS-528|magnesium(2+) hydroxide|1909-42-8|Mg(OH)2|NBZ3QY004S|DTXSID4049662|E-528|Oxaine M|PEPCID COMPLETE COMPONENT MAGNESIUM HYDROXIDE|MAGNESIUM HYDROXIDE COMPONENT OF PEPCID COMPLETE|MAGNESIUM HYDROXIDE (II)|MAGNESIUM HYDROXIDE [II]|MAGNESIUM HYDROXIDE (MART.)|MAGNESIUM HYDROXIDE [MART.]|MAGNESIUM HYDROXIDE (USP-RS)|MAGNESIUM HYDROXIDE [USP-RS]|Hydrate, Magnesium|MAGNESIUM HYDROXIDE (EP IMPURITY)|MAGNESIUM HYDROXIDE [EP IMPURITY]|MAGNESIUM HYDROXIDE (EP MONOGRAPH)|MAGNESIUM HYDROXIDE [EP MONOGRAPH]|MAGNESIUM HYDROXIDE (USP MONOGRAPH)|MAGNESIUM HYDROXIDE [USP MONOGRAPH]|Hydroxide, Magnesium|Magnesium hydroxide [JAN]|DulcolaxLiquid|Magmex|Antacid-Laxative|Magnesio hidroxido|MVT Powder|Magnesium-hydroxide|magnesium hydroxides|MAGNALAX|Hidroxido de magnesio|CVS Health Childrens|Childrens Oral Saline Laxative|Dulcolax Soft Chews Watermelon|CHEMBL1200718|DTXCID1029621|Dulcolax Soft Chews Mixed Berry|MAGNESIUM HYDROXIDE [MI]|CHEBI:35149|Dulcolax Soft Chews Black Cherry|MAGNESIUM HYDROXIDE [FCC]|MAGNESIUM HYDROXIDE 100G|VTHJTEIRLNZDEV-UHFFFAOYSA-L|Walgreens ChildrensSaline Laxative|MAGNESIUM HYDROXIDE [HSDB]|MAGNESIUM HYDROXIDE [INCI]|MAGNESIUM HYDROXIDE [VANDF]|CVS Health ChildrensSaline Laxative|Dulcolax Chewy Bites Assorted Fruits|MAGNESIUM HYDROXIDE [WHO-DD]|AKOS015904092|DB09104|Dulcolax Chewy Fruit Bites Cherry Berry|PHENOL,2-[4,6-BIS(2,4-DIMETHYLPHENYL)-1,3,5-TRIAZIN-2-YL]-5-(2-BUTEN-1-YLOXY)-|MAGNESIUM HYDROXIDE [ORANGE BOOK]|E528|MAGNESII HYDROXIDUM [WHO-IP LATIN]|FT-0628085|FT-0693469|Walgreens Blueberry Raspberry Gentle Laxative|C07876|Q407548|J-005906",58.320,H2MgO2,2.000,0.000,NULL,3,2,2,0,InChI=1S/Mg.2H2O/h;2*1H2/q+2;;/p-2,[OH-].[OH-].[Mg+2],[OH-].[OH-].[Mg+2],VTHJTEIRLNZDEV-UHFFFAOYSA-L,magnesium;dihydroxide,57.9905,57.9905,0,3,0,0,0,0,0,0,0,1233,148,96,2D,Magnesium Hydroxide,Chemical and Physical Properties|Classification|Drug and Medication Information|Food Additives and Ingredients|Literature|Patents|Pharmacology and Biochemistry|Toxicity|Use and Manufacturing,11,NULL,20040916,"001Chemical|3WAY PHARM INC|ABI Chem|Achemica|AKos Consulting & Solutions|Alfa Chemistry|Alichem|AN PharmaTech|Angene Chemical|Avantor Inc|BenchChem|Biosynth|BLD Pharm|BOC Sciences|ChEBI|Chembase.cn|ChEMBL|Chemenu Inc.|ChemMol|ChemTik|Clearsynth|Collaborative Drug Discovery, Inc.|Comparative Toxicogenomics Database (CTD)|Cooke Chemical Co., Ltd|DiscoveryGate|DrugBank|Egon Willighagen (Dept. of Bioinformatics - BiGCaT, Maastricht University)|EPA DSSTox|EPA Substance Registry Services|FDA Global Substance Registration System (GSRS)|Finetech Industry Limited|Fisher Chemical|Google Patents|Japan Chemical Substance Dictionary (Nikkaji)|KEGG|King Scientific|LeadScope|LEAPCHEM|MolCore BioPharmatech|Molepedia|MolPort|MuseChem|NextBio|NextMove Software|NORMAN Suspect List Exchange|NovoSeek|Oakwood Products|Parchem|PubChem Reference Collection|RR Scientific|Smolecule|Starshine Chemical|Strem Chemicals, Inc.|Thermo Fisher Scientific|Thomson Pharma|ToxPlanet|Tractus|Wikidata|Wutech",Chemical Vendors|Curation Efforts|Governmental Organizations|Journal Publishers|Legacy Depositors|Research and Development|Subscription Services,C78276 - Agent Affecting Digestive System or Metabolism > C29697 - Laxative|D005765 - Gastrointestinal Agents > D000863 - Antacids
5359367,Bismuth,"7440-69-9|Bi|Bismuth|Bismuth powder|Bismuth, elemental;|MFCD00134033|Bismuth shot, elongated|bismuth atom|bismuto|Bismuth granules|Bismuth rod, 12.7mm (0.5in) dia|Bismuth - Bi @ 1000 microg/g in Hydrocarbon Oil|Bismuth Standard: Bi @ 1000 microg/mL in 5% HNO3|Bismuth Standard: Bi @ 10000 microg/mL in 5% HNO3|Bismuth AA Standard: Bi @ 1000 microg/mL in 5% HNO3|Bismuth Internal Standard: Bi @ 0.793 g/L in Mineral Oil|Bismuthide|Bismut|Wismut|Bismuth needles|Bismuth metal|Bismuth pieces|Bismuth rod|Bismuth Nanorods|Bismuth, foil, thickness 0.0125 mm, size 25 x 25 mm, purity 99.97%|Bismuth, foil, thickness 0.0125 mm, size 50 x 50 mm, purity 99.97%|Bismuth, foil, thickness 0.03 mm, size 25 x 25 mm, purity 99.97%|Bismuth, foil, thickness 0.04 mm, size 25 x 25 mm, purity 99.97%|Bismuth, foil, thickness 0.04 mm, size 50 x 50 mm, purity 99.97%|Bismuth (lump)|Bismuth, granular|Bismuth Nanopowder|Bismuth Nanoprisms|Bismuth, 99.9%|Bismuth Sputtering Target|83Bi|Bismuth Nanorods Properties|Bismuth powder, -100 mesh|Bismuth powder, -200 mesh|Bismuth powder, -325 mesh|DTXSID3052484|BDBM85242|Bismuth, shot, 99.9999%|CHEBI:33301|JCXGWMGPZLAOME-UHFFFAOYSA-N|Bismuth rod, 11mm (0.43in) dia|NSC_26947|AKOS015832970|Bi3 (B6 O13 (O H))|Bismuth foil, 1.0mm (0.04in) thick|Bismuth foil, 2.0mm (0.08in) thick|Bismuth, pieces, elongated, 99.999%|Bismuth pieces, 10cm (3.9in) & down|Bismuth polycrystalline lump, Puratronic?|Q942|Bismuth needles, 1-5cm (0.4-2in) long|Bi (B4 O6 (O H)2) (O H)|CAS_14882-18-9|Bismuth granules, 1-2mm (0.04-0.08in)|FT-0623124|Bismuth, powder, -100 mesh, >=99.999%|Bismuth - Bi @ 1000 microg/mL in 5% HNO3|Bismuth, granular, >=99.99% trace metals basis|Bismuth Standard: Bi @ 10 microg/mL in 2% HNO3|Bismuth, foil, 25x25mm, thickness 0.5mm, 100%|Bismuth, foil, 25x25mm, thickness 1.0mm, 100%|Bismuth, foil, 25x25mm, thickness 2.0mm, 100%|Bismuth, foil, 50x50mm, thickness 0.5mm, 100%|Bismuth, foil, 50x50mm, thickness 1.0mm, 100%|Bismuth, foil, 50x50mm, thickness 2.0mm, 100%|Q4918361|Bismuth, foil, 25x25mm, thickness 0.25mm, 100%|Bismuth, foil, 25x25mm, thickness 1.0mm, 99.97%|Bismuth, foil, 50x50mm, thickness 0.25mm, 100%|Bismuth, foil, 50x50mm, thickness 1.0mm, 99.97%|Bismuth, powder, -100 mesh, 99% trace metals basis|Bismuth, beads, 1-5 mm, 99.999% trace metals basis|Bismuth, shot, 4-30 mesh, 99.9% trace metals basis|Bismuth Internal Standard: Bi @ 10 microg/mL in 2% HNO3|Bismuth Standard: Bi @ 1000 microg/g in Hydrocarbon Oil|Bismuth, AAS standard solution, Specpure?, Bi 1000?g/ml|Bismuth, pieces, 1-12 mm, 99.999% trace metals basis|Bismuth, rod, 70mm, diameter 10.0mm, cast sticks, 100%|ICP-MS Internal Standard:  Bi @ 100 ug/mL in 2% HNO3|Bismuth Hollow Cathode Lamp: 1.5' Diameter, 2-pin, Non-Coded|Bismuth Hollow Cathode Lamp: 2.0' Diameter, 4-pin, Cableless|Bismuth Hollow Cathode Lamp: 2.0' Diameter, 9-pin, Non-Coded|Bismuth Internal Standard in Mineral Oil - Bi @ 0.793 g/L|Bismuth shot, spherical, 1-2mm (0.04-0.20in), low oxide|Bismuth, plasma standard solution, Specpure?, Bi 10,000?g/ml|Bismuth, plasma standard solution, Specpure?, Bi 1000?g/ml|Bismuth, powder, -100 mesh, >=99.99% trace metals basis|Bismuth, rod, 120mm, diameter 10.0mm, cast sticks, 100%|Bismuth, rod, 140mm, diameter 10.0mm, cast sticks, 100%|Bismuth ingot/button, ca. 36mm (1.4in) dia x 8mm (0.3in) thick|Bismuth, lump, 7 mm max. lump size, weight 50 g, purity 99.999%|Bismuth standard for AAS, ready-to-use, traceable to BAM, in nitric acid|Bismuth, foil, size 100 x 100 mm, thickness 0.0125 mm, purity 99.97%|Bismuth, foil, thickness 0.003 mm, size 25 x 25 mm, purity 99.97%|Bismuth, foil, thickness 0.003 mm, size 50 x 50 mm, purity 99.97%|Bismuth, foil, thickness 0.004 mm, size 25 x 25 mm, purity 99.97%|Bismuth, foil, thickness 0.004 mm, size 50 x 50 mm, purity 99.97%|Bismuth, foil, thickness 0.006 mm, size 25 x 25 mm, purity 99.97%|Bismuth, foil, thickness 0.006 mm, size 50 x 50 mm, purity 99.97%|Bismuth, foil, thickness 0.007 mm, size 25 x 25 mm, purity 99.97%|Bismuth, foil, thickness 0.007 mm, size 50 x 50 mm, purity 99.97%|Bismuth, foil, thickness 0.008 mm, purity 99.97%, size 25 x 25 mm|Bismuth, foil, thickness 0.008 mm, size 50 x 50 mm, purity 99.97%|Bismuth, foil, thickness 0.009 mm, size 25 x 25 mm, purity 99.97%|Bismuth, foil, thickness 0.009 mm, size 50 x 50 mm, purity 99.97%|Bismuth, foil, thickness 0.03 mm, purity 99.97%, size 50 x 50 mm|Bismuth, foil, thickness 0.03 mm, size 100 x 100 mm, purity 99.97%|Bismuth, foil, thickness 0.03 mm, size 150 x 150 mm, purity 99.97%|Bismuth, foil, thickness 0.03 mm, size 50 x 50 mm, purity 99.97%|Bismuth, foil, thickness 0.04 mm, size 100 x 100 mm, purity 99.97%|Bismuth, foil, thickness 0.04 mm, size 150 x 150 mm, purity 99.97%|Bismuth, foil, thickness 0.045 mm, size 100 x 100 mm, purity 99.97%|Bismuth, foil, thickness 0.045 mm, size 150 x 150 mm, purity 99.97%|Bismuth, foil, thickness 0.045 mm, size 25 x 25 mm, purity 99.97%|Bismuth, foil, thickness 0.045 mm, size 50 x 50 mm, purity 99.97%|Bismuth, foil, thickness 3.0 mm, size 50 x 50 mm, purity 99.97%|Bismuth, lump, 10 mm max. lump size, weight 100 g, purity 99.999%|Bismuth, lump, 10 mm max. lump size, weight 200 g, purity 99.999%|Bismuth, lump, 10 mm max. lump size, weight 50 g, purity 99.999%|Bismuth, lump, 100 mm max. lump size, weight 1126 g, purity 99.999%|Bismuth, lump, 100 mm max. lump size, weight 2252 g, purity 99.999%|Bismuth, lump, 25 mm max. lump size, weight 20 g, high purity 99.9999%|Bismuth, lump, 25 mm max. lump size, weight 50 g, high purity 99.9999%|Bismuth, lump, 7 mm max. lump size, weight 100 g, purity 99.999%|Bismuth, lump, 7 mm max. lump size, weight 200 g, purity 99.999%|Sulfur-Free Bismuth Standard: Bi @ 1000 microg/g in Hydrocarbon Oil|Sulfur-Free Bismuth Standard: Bi @ 5000 microg/g in Hydrocarbon Oil|Bismuth single crystal disc, 10mm (0.39in) dia, 1-3mm (0.04-0.1in) thick|Bismuth single crystal, 15mm (0.59in) dia, 25mm (1in) long, (100) orientation|Bismuth single crystal, 15mm (0.59in) dia, 25mm (1in) long, random orientation|Bismuth standard for ICP, for ICP, ready-to-use, traceable to BAM, in nitric acid|Bismuth, ingot, 99.9999% (6N), diameter 8 mm, length 42 mm, approx. 21 g|Bismuth, lump, 25 mm max. lump size, weight 100 g, high purity 99.9999%|Bismuth, lump, 25 mm max. lump size, weight 200 g, high purity 99.9999%|Bismuth, powder, 150 max. part. size (micron), high purity 99.998%, weight 100 g|Bismuth, powder, 150 max. part. size (micron), weight 50 g, high purity 99.999%|Bismuth, powder, 150 max. part. size (micron), weight 50 g, purity 99.97%|Bismuth, powder, max. particle size 150 micron, weight 100 g, high purity 99.999%|Bismuth, powder, max. particle size 150 micron, weight 100 g, purity 99.97%|Bismuth, powder, max. particle size 150 micron, weight 200 g, high purity 99.997%|Bismuth, powder, max. particle size 150 micron, weight 200 g, high purity 99.999%|Bismuth, powder, max. particle size 150 micron, weight 200 g, purity 99.97%|Bismuth, powder, max. particle size 150 micron, weight 50 g, high purity 99.997%|Bismuth, powder, max. particle size 45 micron, weight 100 g, purity 99.5+%|Bismuth, powder, max. particle size 45 micron, weight 200 g, purity 99.5+%|Bismuth, powder, max. particle size 45 micron, weight 50 g, purity 99.5+%|Bismuth single crystal disc, 10mm (0.39in) dia, 1-3mm (0.04-0.1in) thick, (100) orientation, polished both sides|Bismuth single crystal disc, 10mm (0.39in) dia, 1-3mm (0.04-0.1in) thick, (111) orientation, polished both sides",208.980,Bi,0.000,0.000,NULL,1,0,0,0,InChI=1S/Bi,[Bi],[Bi],JCXGWMGPZLAOME-UHFFFAOYSA-N,bismuth,208.98,208.98,0,1,0,0,0,0,0,0,0,7050,304,158,2D,Bismuth,Chemical and Physical Properties|Classification|Drug and Medication Information|Identification|Literature|Patents|Pharmacology and Biochemistry|Safety and Hazards|Toxicity|Use and Manufacturing,13,NULL,20050326,"001Chemical|1st Scientific|3B Scientific (Wuhan) Corp|3WAY PHARM INC|A2B Chem|AA BLOCKS|AAA Chemistry|Aaron Chemicals LLC|AbaChemScene|ABBLIS Chemicals|abcr GmbH|ABI Chem|Acadechem|Achemica|Achemtek|Activate Scientific|Adooq BioScience|AEchem Scientific Corp., USA|AHH Chemical co.,ltd|AK Scientific, Inc. (AKSCI)|AKos Consulting & Solutions|Alfa Chemistry|Alichem|Allbio Pharm Co., Ltd|Amadis Chemical|Ambeed|Ambinter|AN PharmaTech|Angel Pharmatech Ltd.|Angene Chemical|Anward|ApexBio Technology|Apexmol|Ark Pharm, Inc.|Aronis|AstaTech, Inc.|Aurora Fine Chemicals LLC|Aurum Pharmatech LLC|AvaChem Scientific|BenchChem|BePharm Ltd.|Bic Biotech|BindingDB|BioChemPartner|Biocore|Biosynth|BLD Pharm|BOC Sciences|Broad Institute|Carcinogenic Potency Database (CPDB)|Center for Chemical Genomics, University of Michigan|Changzhou Highassay Chemical Co., Ltd|ChEBI|Chembase.cn|ChEMBL|ChemDB|Chemenu Inc.|ChemExper Chemical Directory|Chemical Carcinogenesis Research Information System (CCRIS)|ChemIDplus|Chemieliva Pharmaceutical Co., Ltd|ChemMol|ChemSpider|ChemTik|Clearsynth|Collaborative Drug Discovery, Inc.|Combi-Blocks|Comparative Toxicogenomics Database (CTD)|Cooke Chemical Co., Ltd|Crystallography Open Database (COD)|CSNpharm|CymitQuimica|Davey Lab, Department of Microbiology, NEIDL, Boston University|Debye Scientific Co., Ltd|DiscoveryGate|DrugBank|DTP/NCI|ECI Group, LCSB, University of Luxembourg|Egon Willighagen (Dept. of Bioinformatics - BiGCaT, Maastricht University)|Enamine|eNovation Chemicals|EPA DSSTox|EPA Substance Registry Services|FDA Global Substance Registration System (GSRS)|Finetech Industry Limited|Fisher Chemical|Fisher Drug Discovery Resource Center|GFS Chemicals|Glentham Life Sciences Ltd.|Google Patents|Hairui Chemical|Hefei Hirisun Pharmatech Co., Ltd|Human Metabolome Database (HMDB)|Hunan Chemfish Pharmaceutical Co., Ltd.|Hunan Huateng Pharmaceutical Co., Ltd.|iChemical Technology USA Inc|ISpharm|J&H Chemical Co.,ltd|Jamson Pharmachem Technology|Japan Chemical Substance Dictionary (Nikkaji)|KEGG|Key Organics/BIONET|King Scientific|LabNetwork, a WuXi AppTec Company|labseeker|LeadScope|LEAPCHEM|LGC Standards|Matrix Scientific|MedChemexpress MCE|MolCore BioPharmatech|Moldb|Molepedia|MolPort|MP Biomedicals|MTDP|MuseChem|NextBio|NextMove Software|NIAID ChemDB|NIST Chemistry WebBook|NORMAN Suspect List Exchange|NovoSeek|Oakwood Products|OChem|OXCHEM CORPORATION|Parchem|PATENTSCOPE (WIPO)|Phion Ltd|Pi Chemicals|Probes & Drugs portal|Protein Data Bank in Europe (PDBe)|Prous Science Drugs of the Future|PubChem Reference Collection|Race Chemical|RR Scientific|Santa Cruz Biotechnology, Inc.|SCRIPDB|Selleck Chemicals|Sigma-Aldrich|Sinfoo Biotech|SLING Consortium|Smolecule|Southern Research Institute|Springer Nature|SpringerMaterials|Starshine Chemical|Strem Chemicals, Inc.|SureChEMBL|Synthonix, Inc.|TargetMol|TCI (Tokyo Chemical Industry)|THE BioTek|The Scripps Research Institute Molecular Screening Center|Therapeutic Target Database (TTD)|Thermo Fisher Scientific|Thieme Chemistry|Thomson Pharma|Thoreauchem|TimTec|ToxPlanet|Tractus|University of Iowa High-Throughput Screening Core (UIHTS)|Vesino Industrial Co., Ltd|VladaChem|VWR, Part of Avantor|Wikidata|Wiley|Win-Win Chemical|Wolves R&D chemical|Wubei-Biochem|Wutech|xPharm: The Comprehensive Pharmacology Reference|Yick-Vic Chemicals & Pharmaceuticals (HK) Ltd.|Yuhao Chemical",Chemical Vendors|Curation Efforts|Governmental Organizations|Journal Publishers|Legacy Depositors|NIH Initiatives|Research and Development|Subscription Services,D005765 - Gastrointestinal Agents > D000863 - Antacids
10101269,Bismuth subcitrate,"Bismuth subcitrate|Gastrodenol|57644-54-9|Bismuth tripotassium dicitrate|colloidal bismuth subcitrate|Tripotassium dicitratobismuthate|HS813P8QPX|bismuth;tripotassium;2-hydroxypropane-1,2,3-tricarboxylate|Bismuth subcitrate potassium|De-Noltab|1,2,3-Propanetricarboxylic acid, 2-hydroxy-, bismuth(3+) potassium salt (2:1:3)|Tripotassium;2-hydroxypropane-1,2,3-tricarboxylate;5-hydroxy-2,8,9-trioxa-1-bismabicyclo[3.3.2]decane-3,7,10-trione|UNII-HS813P8QPX|EINECS 260-872-5|De-Nol (TN)|Tripotassium Dicitrate Bismuthate|BISMUTH SUBCITRATE [VANDF]|BCP10508|BISMUTH SUBCITRATE [WHO-DD]|HY-B0796|BISMUTH SUBCITRATE, COLLOIDAL|AKOS005110988|CS-3966|COLLOIDAL BISMUTH SUBCITRATE [MI]|B4377|FT-0623129|D07587|TRIPOTASSIUM DICITRATOBISMUTHATE [WHO-DD]|Bismuth(III) tripotassium 2-hydroxypropane-1,2,3-tricarboxylate|Bismuth(3+) tripotassium bis(2-hydroxypropane-1,2,3-tricarboxylate)|Bismuth tripotassium dicitrate; Bismuth subcitrate; Duosol; Gastrodenol; Bismuth subcitrate potassium; De-Nol",704.470,C12H10BiK3O14,281.000,211.000,NULL,30,2,14,4,"InChI=1S/2C6H8O7.Bi.3K/c2*7-3(8)1-6(13,5(11)12)2-4(9)10;;;;/h2*13H,1-2H2,(H,7,8)(H,9,10)(H,11,12);;;;/q;;+3;3*+1/p-6",C(C(=O)[O-])C(CC(=O)[O-])(C(=O)[O-])O.C(C(=O)[O-])C(CC(=O)[O-])(C(=O)[O-])O.[K+].[K+].[K+].[Bi+3],C(C(=O)[O-])C(CC(=O)[O-])(C(=O)[O-])O.C(C(=O)[O-])C(CC(=O)[O-])(C(=O)[O-])O.[K+].[K+].[K+].[Bi+3],ZQUAVILLCXTKTF-UHFFFAOYSA-H,"bismuth;tripotassium;2-hydroxypropane-1,2,3-tricarboxylate",703.879,703.879,0,6,0,0,0,0,0,0,0,824,1920,690,2D,NULL,Classification|Drug and Medication Information|Literature|Patents|Pharmacology and Biochemistry|Safety and Hazards|Toxicity|Use and Manufacturing,10,NULL,20061025,"AbaChemScene|Acadechem|AK Scientific, Inc. (AKSCI)|AKos Consulting & Solutions|Ambinter|Ark Pharm, Inc.|Aronis|Aurora Fine Chemicals LLC|BenchChem|BioChemPartner|BLD Pharm|Chembase.cn|ChemIDplus|ChemMol|ChemSpider|ChemTik|Clearsynth|Comparative Toxicogenomics Database (CTD)|Cooke Chemical Co., Ltd|CSNpharm|CymitQuimica|DiscoveryGate|FDA Global Substance Registration System (GSRS)|Finetech Industry Limited|Google Patents|iChemical Technology USA Inc|KEGG|King Scientific|labseeker|Matrix Scientific|MedChemexpress MCE|Molepedia|MolPort|MuseChem|NextBio|RR Scientific|Smolecule|TargetMol|TCI (Tokyo Chemical Industry)|THE BioTek|Thomson Pharma|TimTec|ToxPlanet|Tractus|Wolves R&D chemical|Wubei-Biochem|Yick-Vic Chemicals & Pharmaceuticals (HK) Ltd.|Yuhao Chemical",Chemical Vendors|Curation Efforts|Governmental Organizations|Journal Publishers|Legacy Depositors|Research and Development|Subscription Services,A - Alimentary tract and metabolism > A02 - Drugs for acid related disorders > A02B - Drugs for peptic ulcer and gastro-oesophageal reflux disease (gord)|C26170 - Protective Agent > C2459 - Chemoprotective Agent > C2080 - Cytoprotective Agent|C78276 - Agent Affecting Digestive System or Metabolism > C29701 - Anti-ulcer Agent|D000890 - Anti-Infective Agents|D005765 - Gastrointestinal Agents > D000863 - Antacids|D005765 - Gastrointestinal Agents > D000897 - Anti-Ulcer Agents
16683101,Aldioxa,"Isalon|Dihydroxyaluminum allantoinate|Aluminum, ((2,5-dioxo-4-imidazolidinyl)ureato)dihydroxy-|DTXSID8057774|Chlokale|Peptilate|Aldioxum [INN-Latin]|Aldioxa [USAN:INN:JAN]|Aldioxum|Aluminum, (allantoinato)dihydroxy-|Aluminum, dihydroxy(allantoinato)-|EINECS 226-964-4|Ascomp (TN)|Isalon (TN)|UNII-8T66I31YNK|SCHEMBL168685|Aldioxa (JP17/USAN/INN)|((2,5-Dioxo-4-imidazolidinyl)ureato)dihydroxyaluminum|CHEMBL3188892|DTXCID9031563|Dihydroxy(2-hydroxy-5-oxo-2-imidazolin-4-ylureato)aluminum|Tox21_113724|NCGC00253586-01|CAS-5579-81-7|D02033|Aluminum, (N-(2,5-dioxo-4-imidazolidinyl)ureato)dihydroxy-",220.120,C4H9AlN4O5,108.000,256.000,NULL,14,5,6,3,"InChI=1S/C4H6N4O3.Al.2H2O/c5-3(10)6-1-2(9)8-4(11)7-1;;;/h1H,(H3,5,6,10)(H2,7,8,9,11);;2*1H2/q;+1;;/p-1",C1(C(=O)NC(=N1)O[Al])NC(=O)N.O.O,C1(C(=O)NC(=N1)O[Al])NC(=O)N.O.O,AMZWNNKNOQSBOP-UHFFFAOYSA-M,NULL,220.039,220.039,0,3,0,1,0,1,0,0,0,45,0,0,2D,NULL,Biological Test Results|Classification|Literature|Pharmacology and Biochemistry|Toxicity|Use and Manufacturing,7,651635|743191|743194|743199|743202|743203|743209|743210|743211|743212|743213|743215|743217|743218|743219|743220|743221|743222|743223|743224|743225|743226|743227|743228|743239|743240|743241|743242|1117298|1117304|1117305|1117310|1117312|1117314|1117326|1117329|1117336|1117340|1117341|1117342|1117343|1117346|1159509|1159515|1159516|1159517|1159518|1159519|1159520|1159521|1159523|1159525|1159526|1159527|1159528|1159529|1159531|1159551|1159552|1159553|1159555|1159614|1224834|1224835|1224836|1224837|1224838|1224839|1224840|1224841|1224842|1224843|1224844|1224845|1224846|1224847|1224848|1224849|1224857|1224859|1224867|1224868|1224869|1224870|1224871|1224872|1224873|1224874|1224875|1224876|1224877|1224878|1224879|1224880|1224881|1224882|1224883|1224884|1224885|1224886|1224887|1224888|1224889|1224890|1224892|1224893|1224894|1224895|1224896|1259241|1259242|1259243|1259244|1259247|1259248|1259364|1259365|1259366|1259367|1259368|1259369|1259377|1259378|1259379|1259380|1259381|1259382|1259383|1259384|1259385|1259386|1259387|1259388|1259390|1259391|1259392|1259393|1259394|1259395|1259396|1259400|1259401|1259402|1259403|1259404|1296008|1296009|1345084|1346378|1346428|1346784|1346795|1346798|1346799|1346824|1346829|1346859|1346877|1346891|1346924|1346977|1346978|1346979|1346980|1346981|1346982|1347030|1347031|1347032|1347033|1347034|1347035|1347036|1347037|1347038|1347053|1347055|1347082|1347083|1347085|1347086|1347089|1347090|1347091|1347092|1347093|1347094|1347095|1347096|1347097|1347098|1347099|1347100|1347101|1347102|1347103|1347104|1347105|1347106|1347107|1347108|1347154|1347395|1347397|1347398|1347399|1347407|1347424|1347425|1479145|1479147|1479149|1479150|1508616|1508620|1508623|1508624|1508630|1645839|1645840|1645841|1645842|1645845|1645846|1645851|1645852|1645870|1645876|1645877|1671188|1671190|1671193|1671194|1671196|1671197|1671198|1671199|1671200|1671201|1745845|1745856|1745857,20070823,"BenchChem|BOC Sciences|ChEMBL|ChemIDplus|Collaborative Drug Discovery, Inc.|Comparative Toxicogenomics Database (CTD)|EPA DSSTox|KEGG|LeadScope|NORMAN Suspect List Exchange|Smolecule|Springer Nature|SureChEMBL|THE BioTek|Tox21|Yick-Vic Chemicals & Pharmaceuticals (HK) Ltd.",Chemical Vendors|Curation Efforts|Governmental Organizations|Journal Publishers|Legacy Depositors|Research and Development|Subscription Services,C78284 - Agent Affecting Integumentary System > C29700 - Astringent|D003879 - Dermatologic Agents > D001252 - Astringents|D005765 - Gastrointestinal Agents > D000863 - Antacids
23697815,Dihydroxyaluminum sodium carbonate,"DIHYDROXYALUMINUM SODIUM CARBONATE|12011-77-7|Dihydroxyaluminum sodium carbonate [USP]|Sodium [carbonato(2-)-O]dihydroxyaluminate(1-)|Dihydroxyaluminum sodium carbonate (USP)|Sodium (carbonato(2-)-O)dihydroxyaluminate(1-)|Rolaids (TN)|CHEMBL3707202|Dihydroxialumini sodium carbonate|DTXSID101340737|sodium carboxylatooxydihydroxyaluminum|D03827|Aluminate(1-), (carbonato(2-)-kappaO)dihydroxy-, sodium (1:1)",146.010,CH4AlNaO5,51.400,47.700,NULL,8,2,5,2,"InChI=1S/CH2O3.Al.Na.2H2O/c2-1(3)4;;;;/h(H2,2,3,4);;;2*1H2/q;2*+1;;/p-2",C(=O)([O-])O[Al].O.O.[Na+],C(=O)([O-])O[Al].O.O.[Na+],HCOGWSKIDQXORT-UHFFFAOYSA-L,NULL,145.977,145.977,0,4,0,0,0,0,0,0,0,37,0,0,2D,NULL,Classification|Drug and Medication Information|Literature|Patents|Pharmacology and Biochemistry|Use and Manufacturing,6,NULL,20080205,"3B Scientific (Wuhan) Corp|Alfa Chemistry|BenchChem|BOC Sciences|ChEMBL|ChemIDplus|EPA DSSTox|J&H Chemical Co.,ltd|KEGG|MuseChem|Parchem|PATENTSCOPE (WIPO)|Probes & Drugs portal|Smolecule|Springer Nature|THE BioTek|ToxPlanet",Chemical Vendors|Curation Efforts|Governmental Organizations|Journal Publishers|Legacy Depositors|Research and Development|Subscription Services,A - Alimentary tract and metabolism > A02 - Drugs for acid related disorders > A02A - Antacids > A02AB - Aluminium compounds
56842000,Talcid,Talcid|Ultacit|Nacid|Hidrotalcita|Hydrotalcitum|Altacet|Altacide|Altacite|Kyoward 600|Kyowaad 1000|Hydrotalcitum [INN-Latin]|Hidrotalcita [INN-Spanish]|DHT 4|Hydrotalcite [INN:BAN:JAN]|UNII-17432CG1KU|BAY4516H|BAY 4516H|KW 1000|KW 2200|CHEMBL3833351|Dialuminium-hexamagnesium-carbonat-hexadecahydroxid-tetrahydrat|Aluminum magnesium hydroxide carbonate hydrate,603.980,CH24Al2Mg6O23,83.200,18.800,NULL,32,20,23,0,"InChI=1S/CH2O3.2Al.6Mg.20H2O/c2-1(3)4;;;;;;;;;;;;;;;;;;;;;;;;;;;;/h(H2,2,3,4);;;;;;;;;20*1H2/q;2*+3;6*+2;;;;;;;;;;;;;;;;;;;;/p-18",C(=O)([O-])[O-].O.O.O.O.[OH-].[OH-].[OH-].[OH-].[OH-].[OH-].[OH-].[OH-].[OH-].[OH-].[OH-].[OH-].[OH-].[OH-].[OH-].[OH-].[Mg+2].[Mg+2].[Mg+2].[Mg+2].[Mg+2].[Mg+2].[Al+3].[Al+3],C(=O)([O-])[O-].O.O.O.O.[OH-].[OH-].[OH-].[OH-].[OH-].[OH-].[OH-].[OH-].[OH-].[OH-].[OH-].[OH-].[OH-].[OH-].[OH-].[OH-].[Mg+2].[Mg+2].[Mg+2].[Mg+2].[Mg+2].[Mg+2].[Al+3].[Al+3],PWZFXELTLAQOKC-UHFFFAOYSA-A,dialuminum;hexamagnesium;carbonate;hexadecahydroxide;tetrahydrate,601.944,601.944,0,29,0,0,0,0,0,0,0,288,88792,38704,2D,NULL,Classification|Drug and Medication Information|Literature|Patents|Pharmacology and Biochemistry|Toxicity,8,NULL,20120321,ChEMBL|ChemIDplus|Comparative Toxicogenomics Database (CTD)|Google Patents|Probes & Drugs portal|Starshine Chemical|ToxPlanet,Chemical Vendors|Curation Efforts|Governmental Organizations|Legacy Depositors|Research and Development|Subscription Services,C78276 - Agent Affecting Digestive System or Metabolism > C29701 - Anti-ulcer Agent|D005765 - Gastrointestinal Agents > D000863 - Antacids
73415757,Bismuth hydroxide nitrate oxide,"Bismuth nitrate, basic|Bismuth hydroxide nitrate oxide|Mammol|Bismuthum subnitricum|H19J064BA5|Bismuth subnitrate, heavy|C.I. 77169|Bismuth hydroxide nitrate oxide (Bi5(OH)9(NO3)4O)|BISMUTH SUBNITRATE (MART.)|BISMUTH SUBNITRATE [MART.]|BISMUTH SUBNITRATE (USP MONOGRAPH)|BISMUTH SUBNITRATE [USP MONOGRAPH]|Basic bismuth nitrate|BISMUTH SUBNITRATE, HEAVY (EP MONOGRAPH)|BISMUTH SUBNITRATE, HEAVY [EP MONOGRAPH]|Bismuth hydroxide nitrate oxide (Bi5O(OH)9(NO3)4)|Bismuth hydroxide nitrate oxide [Bi5O(OH)9(NO3)4]|Novismuth|Vicalin|Vikaline|Bismuth paint|Bismuth Synlab|Cosmetic White|Bismuth White|Spanish White|Flake White|Paint White|Bismuth magistery|Bismuthyl nitrate|Blanc de fard|Bismuth subnitricum|Snowcal 5SW|Snowcal 5 SW|Magistery of bismuth|Bismuthum subnitricum 6C|UNII-H19J064BA5|Bismuth subnitrate [USP:JAN]|BISMUTH SUBNITRATE [MI]|BISMUTH SUBNITRATE [JAN]|HSDB 1608|BISMUTH SUBNITRATE [HSDB]|BISMUTH SUBNITRATE [INCI]|DTXSID40893872|BISMUTH SUBNITRATE [VANDF]|BISMUTH SUBNITRATE [WHO-DD]|BISMUTHUM SUBNITRICUM [HPUS]|EINECS 215-136-8|DB13209|EC 215-136-8|J-005814|Bismuth oxide (Bi2O3), compd with nitrogen oxide (N2O5) (6:5), octahydrate|1327-35-1",1461.990,Bi5H9N4O22,262.000,18.800,NULL,31,9,22,0,InChI=1S/5Bi.4NO3.9H2O.O/c;;;;;4*2-1(3)4;;;;;;;;;;/h;;;;;;;;;9*1H2;/q5*+3;4*-1;;;;;;;;;;-2/p-9,[N+](=O)([O-])[O-].[N+](=O)([O-])[O-].[N+](=O)([O-])[O-].[N+](=O)([O-])[O-].[OH-].[OH-].[OH-].[OH-].[OH-].[OH-].[OH-].[OH-].[OH-].[O-2].[Bi+3].[Bi+3].[Bi+3].[Bi+3].[Bi+3],[N+](=O)([O-])[O-].[N+](=O)([O-])[O-].[N+](=O)([O-])[O-].[N+](=O)([O-])[O-].[OH-].[OH-].[OH-].[OH-].[OH-].[OH-].[OH-].[OH-].[OH-].[O-2].[Bi+3].[Bi+3].[Bi+3].[Bi+3].[Bi+3],QGWDKKHSDXWPET-UHFFFAOYSA-E,pentabismuth;oxygen(2-);nonahydroxide;tetranitrate,1461.87,1461.87,0,19,0,0,0,0,0,0,0,152,0,0,2D,NULL,Chemical and Physical Properties|Classification|Drug and Medication Information|Literature|Pharmacology and Biochemistry|Safety and Hazards|Toxicity|Use and Manufacturing,9,NULL,20140409,"Biosynth|ChemIDplus|DrugBank|EPA DSSTox|EPA Substance Registry Services|FDA Global Substance Registration System (GSRS)|J&H Chemical Co.,ltd|LabNetwork, a WuXi AppTec Company|NORMAN Suspect List Exchange|Parchem|PubChem Reference Collection|Santa Cruz Biotechnology, Inc.",Chemical Vendors|Curation Efforts|Governmental Organizations|Legacy Depositors|Research and Development,C78276 - Agent Affecting Digestive System or Metabolism > C29701 - Anti-ulcer Agent|D005765 - Gastrointestinal Agents > D000863 - Antacids
122706784,Monalium hydrate,Monalium hydrate|magnesium aluminate hydrate|Aluminum magnesium hydroxide sulfate hydrate|Aluminium magnesium hydroxide sulfate hydrate|Aluminum magnesium hydroxide sulphate hydrate|MAGALDRATE [MI]|MAGALDRATE [INN]|MAGALDRATE [USAN]|MAGALDRATE [VANDF]|MAGALDRATE [USP-RS]|MAGALDRATE [WHO-DD]|CHEMBL3833350|MAGALDRATE [EP MONOGRAPH]|MAGALDRATE [USP MONOGRAPH]|DB08938,1115.300,Al5H33Mg10O40S2,209.000,62.200,NULL,57,32,40,0,"InChI=1S/5Al.10Mg.2H2O4S.32H2O/c;;;;;;;;;;;;;;;2*1-5(2,3)4;;;;;;;;;;;;;;;;;;;;;;;;;;;;;;;;/h;;;;;;;;;;;;;;;2*(H2,1,2,3,4);32*1H2/q5*+3;10*+2;;;;;;;;;;;;;;;;;;;;;;;;;;;;;;;;;;/p-35",O.[OH-].[OH-].[OH-].[OH-].[OH-].[OH-].[OH-].[OH-].[OH-].[OH-].[OH-].[OH-].[OH-].[OH-].[OH-].[OH-].[OH-].[OH-].[OH-].[OH-].[OH-].[OH-].[OH-].[OH-].[OH-].[OH-].[OH-].[OH-].[OH-].[OH-].[OH-].[O-]S(=O)(=O)[O-].[O-]S(=O)(=O)[O-].[Mg+2].[Mg+2].[Mg+2].[Mg+2].[Mg+2].[Mg+2].[Mg+2].[Mg+2].[Mg+2].[Mg+2].[Al+3].[Al+3].[Al+3].[Al+3].[Al+3],O.[OH-].[OH-].[OH-].[OH-].[OH-].[OH-].[OH-].[OH-].[OH-].[OH-].[OH-].[OH-].[OH-].[OH-].[OH-].[OH-].[OH-].[OH-].[OH-].[OH-].[OH-].[OH-].[OH-].[OH-].[OH-].[OH-].[OH-].[OH-].[OH-].[OH-].[OH-].[O-]S(=O)(=O)[O-].[O-]S(=O)(=O)[O-].[Mg+2].[Mg+2].[Mg+2].[Mg+2].[Mg+2].[Mg+2].[Mg+2].[Mg+2].[Mg+2].[Mg+2].[Al+3].[Al+3].[Al+3].[Al+3].[Al+3],SPPNVMTVMQOKSC-UHFFFAOYSA-A,pentaaluminum;decamagnesium;hentriacontahydroxide;disulfate;hydrate,1114.76,1111.76,0,49,0,0,0,0,0,0,0,55,0,0,2D,NULL,Classification|Literature|Pharmacology and Biochemistry,4,NULL,20161216,ChEMBL|DrugBank|FDA Global Substance Registration System (GSRS)|Probes & Drugs portal,Curation Efforts|Governmental Organizations|Research and Development,C78276 - Agent Affecting Digestive System or Metabolism > C29701 - Anti-ulcer Agent|D005765 - Gastrointestinal Agents > D000863 - Antacids
